Date,Days_After_Sowing,NDVI_Interpolated,NDVI_Lower_CI,NDVI_Upper_CI,FVC_Interpolated,FVC_Lower_CI,FVC_Upper_CI,Ground_Cover_Percentage,Ground_Cover_Lower_CI,Ground_Cover_Upper_CI,Growth_Stage,Sowing_Date,Harvest_Date,temperature_2m,temperature_min,temperature_max,precipitation,humidity,pressure,wind_speed,cloud_cover,gdd_daily,gdd_cumulative
2023-10-03,0,0.05164551190514292,0.041645511905142915,0.08603151190514291,0.0,0.0,0.0,0.0,0.0,0.0,Sowing,2023-10-03,2024-07-30,17.5,11.8,25.8,1.4,70,1019.0,17.4,52,18.8,18.8
2023-10-04,1,0.05185322996975371,0.04185322996975371,0.08623922996975371,0.0,0.0,0.0,0.0,0.0,0.0,Sowing,2023-10-03,2024-07-30,12.2,8.8,16.3,0.0,77,1028.7,9.5,33,12.55,31.35
2023-10-05,2,0.05223687715845749,0.04223687715845749,0.08662287715845748,0.0,0.0,0.0,0.0,0.0,0.0,Sowing,2023-10-03,2024-07-30,10.6,6.9,15.4,0.0,80,1027.3,9.0,79,11.15,42.5
2023-10-06,3,0.05276774901837934,0.04276774901837934,0.08715374901837934,0.0,0.0,0.0,0.0,0.0,0.0,Emergence,2023-10-03,2024-07-30,11.2,5.2,18.1,0.0,79,1026.9,7.3,59,11.65,54.15
2023-10-07,4,0.05344393933299051,0.04344393933299051,0.08782993933299052,0.0,0.0,0.0,0.0,0.0,0.0,Emergence,2023-10-03,2024-07-30,13.6,9.6,17.3,0.0,66,1025.1,16.5,50,13.45,67.6
2023-10-08,5,0.0542847375888548,0.044284737588854796,0.0886707375888548,0.0,0.0,0.0,0.0,0.0,0.0,Emergence,2023-10-03,2024-07-30,15.4,11.8,19.2,0.0,71,1025.1,13.3,67,15.5,83.1
2023-10-09,6,0.055301600572509824,0.04530160057250982,0.08968760057250982,0.0,0.0,0.0,0.0,0.0,0.0,Emergence,2023-10-03,2024-07-30,15.6,11.7,19.1,0.0,67,1021.7,14.3,82,15.4,98.5
2023-10-10,7,0.05643817861295149,0.046438178612951485,0.09082417861295149,0.0,0.0,0.0,0.0,0.0,0.0,Emergence,2023-10-03,2024-07-30,15.8,12.3,21.9,0.0,66,1021.7,8.9,90,17.1,115.6
2023-10-11,8,0.05753337806447996,0.04753337806447996,0.09191937806447996,0.0,0.0,0.0,0.0,0.0,0.0,Emergence,2023-10-03,2024-07-30,16.6,11.7,23.7,0.0,63,1018.9,10.8,39,17.7,133.29999999999998
2023-10-12,9,0.05849142467335108,0.04849142467335108,0.09287742467335108,0.0,0.0,0.0,0.0,0.0,0.0,Emergence,2023-10-03,2024-07-30,16.5,14.4,20.8,1.5,70,1017.3,11.8,98,17.6,150.89999999999998
2023-10-13,10,0.05957005744584118,0.04957005744584118,0.09395605744584118,0.0,0.0,0.0,0.0,0.0,0.0,Emergence,2023-10-03,2024-07-30,18.0,13.0,25.0,0.0,61,1014.5,12.3,54,19.0,169.89999999999998
2023-10-14,11,0.061222968423221086,0.051222968423221084,0.09560896842322109,0.0,0.0,0.0,0.0,0.0,0.0,Emergence,2023-10-03,2024-07-30,14.7,8.8,19.8,3.8,72,1012.6,17.6,89,14.3,184.2
2023-10-15,12,0.06357850598818239,0.05357850598818239,0.09796450598818239,0.0,0.0,0.0,0.0,0.0,0.0,Emergence,2023-10-03,2024-07-30,6.7,3.4,10.0,0.6,78,1021.4,12.8,29,6.7,190.89999999999998
2023-10-16,13,0.06637982065037211,0.05637982065037211,0.10076582065037211,0.0,0.0,0.0,0.0,0.0,0.0,Emergence,2023-10-03,2024-07-30,4.4,-1.1,9.3,0.0,79,1023.2,5.9,60,4.1000000000000005,194.99999999999997
2023-10-17,14,0.06934795129337189,0.059347951293371885,0.10373395129337189,0.0,0.0,0.0,0.0,0.0,0.0,Tillering,2023-10-03,2024-07-30,4.9,1.4,9.2,0.0,79,1019.4,9.6,68,5.3,200.29999999999998
2023-10-18,15,0.07235614064458103,0.062356140644581025,0.10674214064458103,0.0,0.0,0.0,0.0,0.0,0.0,Tillering,2023-10-03,2024-07-30,7.1,2.2,12.5,0.8,77,1010.8,10.7,97,7.35,207.64999999999998
2023-10-19,16,0.07537260563071996,0.06537260563071996,0.10975860563071996,0.0,0.0,0.0,0.0,0.0,0.0,Tillering,2023-10-03,2024-07-30,11.5,7.7,15.2,12.1,92,997.7,10.9,92,11.45,219.09999999999997
2023-10-20,17,0.07839265862527803,0.06839265862527803,0.11277865862527803,0.0,0.0,0.0,0.0,0.0,0.0,Tillering,2023-10-03,2024-07-30,12.5,10.3,16.2,6.4,89,986.4,12.6,95,13.25,232.34999999999997
2023-10-21,18,0.08141586903911155,0.07141586903911155,0.11580186903911155,0.0,0.0,0.0,0.0,0.0,0.0,Tillering,2023-10-03,2024-07-30,12.6,10.6,16.8,7.8,80,999.7,13.2,55,13.7,246.04999999999995
2023-10-22,19,0.08444229537406137,0.07444229537406137,0.11882829537406137,0.0,0.0,0.0,0.0,0.0,0.0,Tillering,2023-10-03,2024-07-30,10.7,7.3,14.7,0.0,77,1011.2,10.8,46,11.0,257.04999999999995
2023-10-23,20,0.08747199710839047,0.07747199710839048,0.12185799710839047,0.0,0.0,0.0,0.0,0.0,0.0,Tillering,2023-10-03,2024-07-30,10.0,4.7,15.3,0.0,80,1013.0,8.8,71,10.0,267.04999999999995
2023-10-24,21,0.09050503470873247,0.08050503470873248,0.12489103470873247,0.0,0.0,0.0,0.0,0.0,0.0,Tillering,2023-10-03,2024-07-30,10.9,9.2,13.4,7.7,93,1006.3,7.7,98,11.3,278.34999999999997
2023-10-25,22,0.09354146964199922,0.08354146964199922,0.12792746964199922,0.0,0.0,0.0,0.0,0.0,0.0,Tillering,2023-10-03,2024-07-30,10.9,8.1,14.9,2.4,87,1002.0,14.2,87,11.5,289.84999999999997
2023-10-26,23,0.09658136438723813,0.08658136438723814,0.13096736438723813,0.0,0.0,0.0,0.0,0.0,0.0,Tillering,2023-10-03,2024-07-30,11.0,9.8,12.5,2.6,86,998.0,14.5,98,11.15,300.99999999999994
2023-10-27,24,0.09962478244742762,0.08962478244742762,0.13401078244742762,0.0,0.0,0.0,0.0,0.0,0.0,Tillering,2023-10-03,2024-07-30,9.5,7.3,11.4,8.5,90,997.0,13.7,78,9.35,310.34999999999997
2023-10-28,25,0.10267178836119986,0.06828578836119986,0.13705778836119986,0.0,0.0,0.0,0.0,0.0,0.0,Tillering,2023-10-03,2024-07-30,10.2,7.9,13.3,1.5,77,1003.7,15.9,87,10.600000000000001,320.95
2023-10-29,26,0.10572244771447914,0.07133644771447914,0.14010844771447914,0.0,0.0,0.0,0.0,0.0,0.0,Tillering,2023-10-03,2024-07-30,12.3,8.9,16.1,0.0,67,1003.6,13.8,99,12.5,333.45
2023-10-30,27,0.10877682715202333,0.07439082715202333,0.14316282715202333,0.0,0.0,0.0,0.0,0.0,0.0,Tillering,2023-10-03,2024-07-30,12.2,8.5,17.0,3.6,85,1003.5,9.1,90,12.75,346.2
2023-10-31,28,0.11183499438885564,0.07744899438885564,0.14622099438885564,0.0,0.0,0.0,0.0,0.0,0.0,Tillering,2023-10-03,2024-07-30,9.6,8.5,11.5,3.0,85,1005.9,19.3,94,10.0,356.2
2023-11-01,29,0.11489701822157342,0.08051101822157342,0.14928301822157342,0.0,0.0,0.0,0.0,0.0,0.0,Tillering,2023-10-03,2024-07-30,10.5,7.4,14.5,0.5,78,1008.4,12.3,84,10.95,367.15
2023-11-02,30,0.11796296853952011,0.08357696853952011,0.15234896853952012,0.0,0.0,0.0033556693421716143,0.0,0.0,0.33556693421716144,Tillering,2023-10-03,2024-07-30,7.8,5.8,10.1,4.3,84,994.0,14.3,88,7.949999999999999,375.09999999999997
2023-11-03,31,0.12103291633580555,0.08664691633580555,0.15541891633580557,0.0,0.0,0.00774130905115082,0.0,0.0,0.774130905115082,Tillering,2023-10-03,2024-07-30,5.6,3.8,7.6,0.8,87,991.3,12.8,98,5.699999999999999,380.79999999999995
2023-11-04,32,0.1241069337181597,0.0897209337181597,0.1584929337181597,0.0,0.0,0.012132762454513868,0.0,0.0,1.2132762454513868,Tillering,2023-10-03,2024-07-30,6.0,3.0,9.7,2.1,81,991.1,16.5,76,6.35,387.15
2023-11-05,33,0.12718509391960403,0.09279909391960403,0.16157109391960403,0.0,0.0,0.01653013417086291,0.0,0.0,1.653013417086291,Tillering,2023-10-03,2024-07-30,8.4,6.6,11.1,5.0,79,987.5,24.0,84,8.85,396.0
2023-11-06,34,0.1302674713089241,0.0958814713089241,0.1646534713089241,0.0,0.0,0.02093353044132016,0.0,0.0,2.093353044132016,Tillering,2023-10-03,2024-07-30,8.6,6.6,11.4,0.0,77,1007.4,19.0,57,9.0,405.0
2023-11-07,35,0.13335414140092644,0.09896814140092644,0.16774014140092644,0.0,0.0,0.025343059144180637,0.0,0.0,2.5343059144180637,Tillering,2023-10-03,2024-07-30,6.4,4.0,9.9,0.7,82,1015.5,15.0,31,6.95,411.95
2023-11-08,36,0.13644518086646176,0.10205918086646176,0.17083118086646176,0.0,0.0,0.0297588298092311,0.0,0.0,2.9758829809231098,Tillering,2023-10-03,2024-07-30,6.1,4.1,9.8,0.0,79,1018.3,16.0,68,6.95,418.9
2023-11-09,37,0.13954066754219657,0.10515466754219657,0.17392666754219657,0.0,0.0,0.0341809536317094,0.0,0.0,3.41809536317094,Tillering,2023-10-03,2024-07-30,6.2,3.4,8.9,3.1,80,1010.2,15.5,85,6.15,425.04999999999995
2023-11-10,38,0.1426406804401136,0.1082546804401136,0.1770266804401136,0.0,0.0,0.038609543485876585,0.0,0.0,3.8609543485876587,Tillering,2023-10-03,2024-07-30,6.1,3.1,8.8,2.2,82,1004.3,15.8,64,5.95,430.99999999999994
2023-11-11,39,0.14574731513362368,0.11136131513362368,0.18013331513362368,0.0,0.0,0.04304759304803384,0.0,0.0,4.304759304803384,Tillering,2023-10-03,2024-07-30,4.2,2.7,6.0,4.8,85,1006.5,20.2,70,4.35,435.34999999999997
2023-11-12,40,0.1488797968278016,0.11449379682780161,0.1832657968278016,0.0,0.0,0.04752256689685946,0.0,0.0,4.752256689685946,Tillering,2023-10-03,2024-07-30,3.6,-1.5,7.8,1.0,87,1010.2,8.8,79,3.15,438.49999999999994
2023-11-13,41,0.15216485094639715,0.11777885094639715,0.18655085094639715,0.0030926442091387873,0.0,0.05221550135199593,0.30926442091387873,0.0,5.2215501351995925,Tillering,2023-10-03,2024-07-30,9.0,3.6,13.2,16.4,92,1009.3,18.5,100,8.4,446.8999999999999
2023-11-14,42,0.15609186822737534,0.12170586822737534,0.19047786822737534,0.008702668896250487,0.0,0.057825526039107636,0.8702668896250487,0.0,5.782552603910764,Tillering,2023-10-03,2024-07-30,9.6,7.5,12.1,5.9,78,1009.6,23.5,94,9.8,456.69999999999993
2023-11-15,43,0.1616600716937507,0.1272740716937507,0.1960460716937507,0.01665724527678674,0.0,0.06578010241964388,1.665724527678674,0.0,6.578010241964388,Tillering,2023-10-03,2024-07-30,7.7,6.3,9.2,4.2,87,1016.5,24.2,78,7.75,464.44999999999993
2023-11-16,44,0.16951162045285045,0.13512562045285045,0.20389762045285045,0.027873743504072086,0.0,0.07699660064692923,2.7873743504072084,0.0,7.699660064692923,Tillering,2023-10-03,2024-07-30,6.4,4.7,8.2,9.8,89,1015.2,10.9,96,6.449999999999999,470.8999999999999
2023-11-17,45,0.1784437034164716,0.1440577034164716,0.2128297034164716,0.04063386202353085,0.0,0.089756719166388,4.063386202353085,0.0,8.9756719166388,Tillering,2023-10-03,2024-07-30,4.7,4.0,7.0,7.7,89,1018.9,13.2,99,5.5,476.3999999999999
2023-11-18,46,0.1860317271498908,0.1516457271498908,0.2204177271498908,0.05147389592841544,0.002351038785558297,0.10059675307127258,5.147389592841544,0.2351038785558297,10.059675307127257,Tillering,2023-10-03,2024-07-30,4.7,2.6,6.9,4.0,88,1025.3,9.9,98,4.75,481.1499999999999
2023-11-19,47,0.19116214109816723,0.15677614109816723,0.22554814109816723,0.05880305871166749,0.00968020156881034,0.10792591585452463,5.880305871166748,0.968020156881034,10.792591585452463,Tillering,2023-10-03,2024-07-30,9.2,5.2,11.9,10.1,89,1014.9,20.4,73,8.55,489.69999999999993
2023-11-20,48,0.19457796069130384,0.16019196069130384,0.22896396069130384,0.06368280098757693,0.014559943844719783,0.11280565813043407,6.368280098757693,1.4559943844719783,11.280565813043406,Tillering,2023-10-03,2024-07-30,7.8,5.6,9.7,1.9,87,1013.6,18.7,84,7.6499999999999995,497.3499999999999
2023-11-21,49,0.19733638935165027,0.16295038935165027,0.23172238935165027,0.0676234133595004,0.018500556216643246,0.11674627050235754,6.7623413359500395,1.8500556216643247,11.674627050235754,Stem Elongation,2023-10-03,2024-07-30,6.2,3.7,7.5,5.1,93,1014.7,9.0,92,5.6,502.94999999999993
2023-11-22,50,0.1999467407822662,0.1655607407822662,0.2343327407822662,0.07135248683180888,0.022229629688951737,0.12047534397466603,7.135248683180888,2.2229629688951738,12.047534397466602,Stem Elongation,2023-10-03,2024-07-30,1.1,0.3,2.6,0.0,82,1027.5,9.4,95,1.45,504.3999999999999
2023-11-23,51,0.20254001618629286,0.16815401618629286,0.23692601618629286,0.07505716598041838,0.02593430883756124,0.12418002312327553,7.505716598041838,2.593430883756124,12.418002312327554,Stem Elongation,2023-10-03,2024-07-30,2.1,-1.6,5.0,0.0,86,1025.2,17.2,72,1.7,506.0999999999999
2023-11-24,52,0.2051360256048712,0.1707500256048712,0.2395220256048712,0.07876575086410174,0.029642893721244592,0.1278886080069589,7.876575086410174,2.964289372124459,12.78886080069589,Stem Elongation,2023-10-03,2024-07-30,3.9,0.6,6.4,3.8,88,1009.3,23.9,88,3.5,509.5999999999999
2023-11-25,53,0.2077369165407795,0.1733509165407795,0.2421229165407795,0.08248130934397073,0.03335845220111358,0.13160416648682788,8.248130934397073,3.335845220111358,13.160416648682787,Stem Elongation,2023-10-03,2024-07-30,0.4,-2.5,2.5,3.0,86,1010.2,22.2,85,0.0,509.5999999999999
2023-11-26,54,0.21034277132947543,0.17595677132947543,0.24472877132947543,0.08620395904210777,0.037081101899250624,0.13532681618496492,8.620395904210778,3.7081101899250624,13.532681618496492,Stem Elongation,2023-10-03,2024-07-30,0.4,-2.4,2.2,0.7,91,1016.6,15.0,85,0.0,509.5999999999999
2023-11-27,55,0.21295367336744245,0.17856767336744245,0.24733967336744245,0.08993381909634637,0.040810961953489225,0.1390566762392035,8.993381909634637,4.081096195348922,13.905667623920351,Stem Elongation,2023-10-03,2024-07-30,1.4,0.4,2.8,9.3,92,1006.8,12.3,100,1.5999999999999999,511.19999999999993
2023-11-28,56,0.21556970711259407,0.18118370711259407,0.24995570711259407,0.0936710101608487,0.044548153017991546,0.14279386730370583,9.36710101608487,4.4548153017991545,14.279386730370582,Stem Elongation,2023-10-03,2024-07-30,0.0,-2.4,1.8,10.1,92,999.7,14.9,99,0.0,511.19999999999993
2023-11-29,57,0.2181909580840251,0.1838049580840251,0.25257695808402514,0.09741565440575017,0.048292797262893025,0.14653851154860736,9.741565440575018,4.829279726289302,14.653851154860737,Stem Elongation,2023-10-03,2024-07-30,-1.4,-4.4,1.2,0.0,83,1008.2,13.5,89,0.0,511.19999999999993
2023-11-30,58,0.2208175128610803,0.1864315128610803,0.25520351286108034,0.10116787551582904,0.05204501837297189,0.15029073265868623,10.116787551582904,5.2045018372971885,15.029073265868623,Stem Elongation,2023-10-03,2024-07-30,-0.7,-3.0,1.9,0.8,86,1003.2,7.5,98,0.0,511.19999999999993
2023-12-01,59,0.22344945908170966,0.18906345908170966,0.2578354590817097,0.10492779868815666,0.05580494154529952,0.15405065583101385,10.492779868815665,5.580494154529951,15.405065583101385,Stem Elongation,2023-10-03,2024-07-30,-0.2,-1.6,0.6,9.9,96,1003.2,6.8,100,0.0,511.19999999999993
2023-12-02,60,0.22608688544007988,0.19170088544007988,0.26047288544007985,0.10869555062868555,0.05957269348582841,0.15781840777154266,10.869555062868555,5.957269348582841,15.781840777154265,Stem Elongation,2023-10-03,2024-07-30,-3.7,-6.0,-2.0,2.6,90,1011.1,12.6,100,0.0,511.19999999999993
2023-12-03,61,0.22872988168340877,0.19434388168340877,0.26311588168340877,0.11247125954772683,0.06334840240486968,0.161594116690584,11.247125954772683,6.334840240486968,16.1594116690584,Stem Elongation,2023-10-03,2024-07-30,-5.7,-7.3,-3.0,0.0,86,1025.2,10.3,54,0.0,511.19999999999993
2023-12-04,62,0.23137853860799157,0.19699253860799157,0.26576453860799154,0.11625505515427369,0.06713219801141654,0.16537791229713078,11.625505515427369,6.713219801141654,16.53779122971308,Stem Elongation,2023-10-03,2024-07-30,-6.0,-8.7,-2.6,0.4,84,1017.4,11.0,99,0.0,511.19999999999993
2023-12-05,63,0.2340329480543844,0.1996469480543844,0.2684189480543844,0.1200470686491206,0.07092421150626345,0.1691699257919777,12.004706864912059,7.092421150626345,16.91699257919777,Stem Elongation,2023-10-03,2024-07-30,0.8,-3.4,6.0,3.2,84,1009.4,14.5,70,1.3,512.4999999999999
2023-12-06,64,0.23669320290171136,0.20230720290171136,0.2710792029017114,0.12384743271673053,0.0747245755738734,0.17297028985958773,12.384743271673052,7.472457557387339,17.297028985958775,Stem Elongation,2023-10-03,2024-07-30,0.9,-0.2,2.1,4.8,96,1015.3,13.4,100,0.9500000000000001,513.4499999999999
2023-12-07,65,0.2393593970610603,0.2049733970610603,0.27374539706106027,0.12765628151580044,0.07853342437294329,0.17677913865865755,12.765628151580044,7.853342437294329,17.677913865865754,Stem Elongation,2023-10-03,2024-07-30,-1.0,-2.8,1.7,0.0,92,1021.8,8.5,65,0.0,513.4499999999999
2023-12-08,66,0.24203162546793158,0.20764562546793158,0.2764176254679316,0.1314737506684737,0.08235089352561656,0.18059660781133086,13.147375066847369,8.235089352561657,18.059660781133086,Stem Elongation,2023-10-03,2024-07-30,-0.2,-3.2,2.7,5.8,88,1013.9,10.1,100,0.0,513.4499999999999
2023-12-09,67,0.24470998407370395,0.21032398407370395,0.27909598407370395,0.13529997724814852,0.08617712010529137,0.18442283439100565,13.529997724814852,8.617712010529138,18.442283439100564,Stem Elongation,2023-10-03,2024-07-30,3.0,1.6,4.8,6.4,96,1011.8,13.1,99,3.2,516.65
2023-12-10,68,0.24739456983608005,0.21300856983608005,0.28178056983608,0.13913509976582866,0.09001224262297151,0.18825795690868577,13.913509976582866,9.001224262297152,18.825795690868578,Stem Elongation,2023-10-03,2024-07-30,6.4,5.0,7.8,4.6,80,1010.1,24.4,88,6.4,523.05
2023-12-11,69,0.2500854807084743,0.2156994807084743,0.2844714807084743,0.14297925815496332,0.09385640101210617,0.19210211529782042,14.297925815496331,9.385640101210617,19.210211529782043,Stem Elongation,2023-10-03,2024-07-30,7.9,5.9,10.1,0.9,84,1007.3,21.5,62,8.0,531.05
2023-12-12,70,0.2527828156283054,0.2183968156283054,0.28716881562830543,0.14683259375472202,0.09770973661186487,0.1959554508975792,14.683259375472202,9.770973661186487,19.59554508975792,Stem Elongation,2023-10-03,2024-07-30,6.5,3.9,8.0,6.0,93,1008.3,10.8,94,5.95,537.0
2023-12-13,71,0.2554866745041538,0.2211006745041538,0.28987267450415377,0.1506952492916483,0.10157239214879116,0.1998181064345054,15.06952492916483,10.157239214879116,19.98181064345054,Stem Elongation,2023-10-03,2024-07-30,5.7,3.2,8.2,3.1,92,1002.0,10.1,92,5.699999999999999,542.7
2023-12-14,72,0.2581971582017451,0.2238111582017451,0.2925831582017451,0.15456736885963587,0.10544451171677874,0.20369022600249298,15.456736885963588,10.544451171677874,20.3690226002493,Stem Elongation,2023-10-03,2024-07-30,4.1,2.9,6.2,0.9,96,1015.8,11.0,98,4.55,547.25
2023-12-15,73,0.26091436852871985,0.22652836852871985,0.2953003685287199,0.15844909789817124,0.1093262407553141,0.20757195504102843,15.844909789817125,10.93262407553141,20.757195504102842,Stem Elongation,2023-10-03,2024-07-30,3.0,1.0,4.7,0.3,91,1035.3,10.8,98,2.85,550.1
2023-12-16,74,0.26363840821814916,0.22925240821814916,0.29802440821814913,0.16234058316878452,0.11321772602592738,0.21146344031164163,16.234058316878453,11.321772602592738,21.146344031164162,Stem Elongation,2023-10-03,2024-07-30,3.1,0.5,5.6,0.0,92,1042.4,8.1,58,3.05,553.15
2023-12-17,75,0.26636938091075435,0.23198338091075435,0.3007553809107544,0.16624197272964908,0.11711911558679194,0.21536482987250627,16.624197272964906,11.711911558679194,21.536482987250626,Stem Elongation,2023-10-03,2024-07-30,1.4,-0.8,6.4,0.0,91,1040.3,6.9,39,2.8000000000000003,555.9499999999999
2023-12-18,76,0.269107391135791,0.23472139113579102,0.303493391135791,0.1701534159082729,0.12103055876541575,0.21927627305113,17.01534159082729,12.103055876541575,21.927627305113003,Stem Elongation,2023-10-03,2024-07-30,1.0,-1.8,7.2,0.0,83,1035.1,9.2,8,2.7,558.65
2023-12-19,77,0.27185254429055405,0.23746654429055405,0.3062385442905541,0.1740750632722201,0.12495220612936295,0.22319792041507727,17.40750632722201,12.495220612936295,22.31979204150773,Stem Elongation,2023-10-03,2024-07-30,1.1,-1.6,3.4,0.0,81,1026.2,13.0,74,0.8999999999999999,559.55
2023-12-20,78,0.2746049466184631,0.24021894661846308,0.30899094661846305,0.1780070665978044,0.12888420945494727,0.22712992374066152,17.80070665978044,12.888420945494728,22.71299237406615,Stem Elongation,2023-10-03,2024-07-30,3.3,2.4,4.5,5.1,89,1018.2,21.1,98,3.45,563.0
2023-12-21,79,0.27736470518568423,0.24297870518568424,0.31175070518568426,0.18194957883669177,0.13282672169383464,0.23107243597954896,18.194957883669176,13.282672169383464,23.107243597954895,Stem Elongation,2023-10-03,2024-07-30,5.3,2.8,7.2,16.3,91,1005.0,31.4,99,5.0,568.0
2023-12-22,80,0.28013192785624774,0.24574592785624774,0.31451792785624777,0.18590275408035395,0.1367798969374968,0.2350256112232111,18.590275408035396,13.677989693749678,23.50256112232111,Stem Elongation,2023-10-03,2024-07-30,4.3,1.5,5.9,17.0,93,1003.4,29.6,98,3.7,571.7
2023-12-23,81,0.28290672326561717,0.24852072326561717,0.3172927232656172,0.18986674752231025,0.14074389037945312,0.23898960466516744,18.986674752231025,14.074389037945313,23.898960466516744,Stem Elongation,2023-10-03,2024-07-30,5.1,4.8,5.7,14.9,94,1010.4,31.8,100,5.25,576.95
2023-12-24,82,0.2856892007926675,0.25130320079266755,0.3200752007926675,0.19384171541809647,0.14471885827523936,0.24296457256095358,19.384171541809646,14.471885827523936,24.29645725609536,Stem Elongation,2023-10-03,2024-07-30,6.6,5.4,8.1,2.9,90,1012.8,26.4,100,6.75,583.7
2023-12-25,83,0.2884794705300301,0.25409347053003006,0.3228654705300301,0.19782781504290015,0.14870495790004296,0.24695067218575734,19.782781504290014,14.870495790004295,24.695067218575733,Stem Elongation,2023-10-03,2024-07-30,7.8,7.4,8.5,1.6,84,1013.9,22.4,100,7.95,591.6500000000001
2023-12-26,84,0.2912776432527607,0.2568916432527607,0.32566364325276065,0.20182520464680098,0.15270234750394387,0.2509480617896581,20.1825204646801,15.270234750394387,25.09480617896581,Stem Elongation,2023-10-03,2024-07-30,7.0,6.0,8.4,0.4,85,1018.0,20.1,100,7.2,598.8500000000001
2023-12-27,85,0.29408383038528846,0.2596978303852885,0.32846983038528843,0.20583404340755496,0.15671118626469785,0.2549569005504121,20.583404340755497,15.671118626469784,25.49569005504121,Stem Elongation,2023-10-03,2024-07-30,5.5,3.5,8.2,0.0,82,1021.9,10.7,98,5.85,604.7000000000002
2023-12-28,86,0.2968981439666031,0.26251214396660305,0.3312841439666031,0.20985449138086157,0.16073163423800438,0.25897734852371873,20.985449138086157,16.073163423800437,25.897734852371872,Stem Elongation,2023-10-03,2024-07-30,7.4,4.5,9.2,0.7,69,1019.2,15.4,98,6.85,611.5500000000002
2023-12-29,87,0.29972069661363776,0.26533469661363773,0.3341066966136378,0.21388670944805396,0.16476385230519677,0.2630095665909111,21.388670944805398,16.47638523051968,26.300956659091113,Stem Elongation,2023-10-03,2024-07-30,8.2,7.0,10.1,0.0,78,1016.5,20.9,90,8.55,620.1000000000001
2023-12-30,88,0.30255160148280646,0.26816560148280644,0.3369376014828065,0.2179308592611521,0.16880800211829494,0.2670537164040093,21.79308592611521,16.880800211829495,26.705371640400934,Stem Elongation,2023-10-03,2024-07-30,6.4,2.6,9.0,0.0,81,1017.3,16.6,88,5.8,625.9000000000001
2023-12-31,89,0.30539097222965367,0.2710049722296537,0.33977697222965364,0.22198710318521955,0.17286424604236245,0.27110996032807666,22.198710318521954,17.286424604236245,27.110996032807666,Stem Elongation,2023-10-03,2024-07-30,3.6,1.3,7.3,2.0,86,1010.0,14.3,99,4.3,630.2
2024-01-01,90,0.3082389229665761,0.27385292296657615,0.3426249229665761,0.22605560423796592,0.1769327470951088,0.275178461380823,22.605560423796593,17.69327470951088,27.5178461380823,Stem Elongation,2023-10-03,2024-07-30,4.3,3.0,5.9,0.3,76,1012.0,18.9,90,4.45,634.6500000000001
2024-01-02,91,0.31109556821857626,0.2767095682185763,0.34548156821857623,0.23013652602653753,0.18101366888368042,0.27925938316939464,23.013652602653753,18.10136688836804,27.925938316939465,Stem Elongation,2023-10-03,2024-07-30,6.0,3.1,8.7,18.7,85,1004.5,24.3,100,5.8999999999999995,640.5500000000001
2024-01-03,92,0.31396102287700806,0.2795750228770081,0.34834702287700803,0.2342300326814401,0.185107175538583,0.2833528898242972,23.42300326814401,18.5107175538583,28.335288982429716,Stem Elongation,2023-10-03,2024-07-30,7.7,6.2,9.0,8.1,82,999.8,28.4,84,7.6,648.1500000000001
2024-01-04,93,0.31683540215127726,0.28244940215127723,0.3512214021512773,0.23833628878753896,0.18921343164468177,0.2874591459303961,23.833628878753895,18.921343164468176,28.74591459303961,Stem Elongation,2023-10-03,2024-07-30,5.3,3.3,6.3,7.0,88,1005.9,23.7,88,4.8,652.95
2024-01-05,94,0.31971882151845726,0.2853328215184573,0.35410482151845724,0.24245545931208182,0.1933326021692247,0.2915783164549389,24.24554593120818,19.333260216922472,29.157831645493893,Stem Elongation,2023-10-03,2024-07-30,4.1,2.0,8.4,0.1,89,1005.8,9.5,99,5.2,658.1500000000001
2024-01-06,95,0.32261139667078653,0.2882253966707865,0.35699739667078656,0.24658770952969508,0.1974648523868379,0.29571056667255224,24.65877095296951,19.74648523868379,29.571056667255224,Stem Elongation,2023-10-03,2024-07-30,2.7,1.3,3.9,0.1,93,1008.8,7.2,100,2.6,660.7500000000001
2024-01-07,96,0.32551324346101096,0.29112724346101093,0.359899243461011,0.2507332049443014,0.2016103478014442,0.2998560620871586,25.073320494430142,20.161034780144423,29.985606208715858,Stem Elongation,2023-10-03,2024-07-30,-0.8,-4.9,2.3,1.5,85,1016.8,16.0,100,0.0,660.7500000000001
2024-01-08,97,0.32842447784553874,0.2940384778455387,0.36281047784553877,0.2548921112079125,0.20576925406505533,0.3040149683507697,25.48921112079125,20.576925406505534,30.40149683507697,Stem Elongation,2023-10-03,2024-07-30,-4.4,-6.6,-1.2,0.0,65,1026.4,16.3,60,0.0,660.7500000000001
2024-01-09,98,0.3313452158253748,0.29695921582537477,0.3657312158253748,0.2590645940362497,0.20994173689339254,0.3081874511791069,25.90645940362497,20.994173689339256,30.81874511791069,Stem Elongation,2023-10-03,2024-07-30,-5.2,-7.0,-1.3,0.0,47,1029.9,16.2,1,0.0,660.7500000000001
2024-01-10,99,0.3342755733848067,0.2998895733848067,0.36866157338480665,0.26325081912115245,0.2141279619782953,0.3123736762640095,26.325081912115245,21.412796197829532,31.237367626400953,Stem Elongation,2023-10-03,2024-07-30,-4.4,-6.5,-0.4,0.0,67,1029.2,8.5,49,0.0,660.7500000000001
2024-01-11,100,0.3372159423280362,0.3028299423280362,0.3716019423280362,0.2674513461829089,0.2183284890400517,0.3165742033257661,26.74513461829089,21.83284890400517,31.657420332576606,Stem Elongation,2023-10-03,2024-07-30,-4.7,-7.8,-0.1,0.0,76,1030.8,6.8,4,0.0,660.7500000000001
2024-01-12,101,0.34016907967114973,0.3057830796711497,0.37455507967114976,0.2716701138159282,0.22254725667307104,0.3207929709587854,27.167011381592822,22.254725667307103,32.07929709587854,Stem Elongation,2023-10-03,2024-07-30,-3.5,-5.9,-2.0,0.0,87,1032.2,6.5,86,0.0,660.7500000000001
2024-01-13,102,0.3431526545178992,0.3087666545178992,0.37753865451789925,0.2759323635969989,0.22680950645414175,0.3250552207398561,27.59323635969989,22.680950645414175,32.50552207398561,Stem Elongation,2023-10-03,2024-07-30,-3.6,-4.3,-2.4,0.0,86,1026.2,11.1,99,0.0,660.7500000000001
2024-01-14,103,0.3462352839500745,0.3118492839500745,0.38062128395007455,0.2803361199286779,0.23121326278582074,0.3294589770715351,28.03361199286779,23.121326278582075,32.94589770715351,Stem Elongation,2023-10-03,2024-07-30,-3.6,-5.4,0.2,0.0,84,1013.9,13.8,91,0.0,660.7500000000001
2024-01-15,104,0.3495604389163503,0.31517443891635033,0.3839464389163503,0.2850863413090719,0.2359634841662148,0.334209198451929,28.50863413090719,23.596348416621478,33.4209198451929,Stem Elongation,2023-10-03,2024-07-30,-2.8,-4.7,-1.2,3.6,84,1006.4,21.0,100,0.0,660.7500000000001
2024-01-16,105,0.3532332193001895,0.31884721930018955,0.3876192193001895,0.2903331704288422,0.2412103132859851,0.3394560275716993,29.03331704288422,24.121031328598512,33.94560275716993,Stem Elongation,2023-10-03,2024-07-30,-3.0,-5.7,-0.5,0.0,77,1011.7,12.4,86,0.0,660.7500000000001
2024-01-17,106,0.3571135672661967,0.32272756726619667,0.3914995672661967,0.2958765246659953,0.24675366752313813,0.3449993818088525,29.58765246659953,24.675366752313813,34.499938180885245,Stem Elongation,2023-10-03,2024-07-30,0.3,-6.0,7.2,9.0,91,996.4,15.2,100,0.6000000000000001,661.3500000000001
2024-01-18,107,0.36088316639928064,0.3264971663992806,0.39526916639928067,0.30126166628468665,0.25213880914182946,0.35038452342754384,30.126166628468663,25.213880914182944,35.03845234275438,Stem Elongation,2023-10-03,2024-07-30,1.7,-2.8,6.8,7.9,93,996.4,12.9,100,2.0,663.3500000000001
2024-01-19,108,0.3643791455896618,0.32999314558966175,0.3987651455896618,0.30625592227094545,0.25713306512808826,0.35537877941380264,30.625592227094543,25.713306512808824,35.537877941380266,Stem Elongation,2023-10-03,2024-07-30,-3.0,-4.8,-0.8,0.0,84,1021.6,10.2,93,0.0,663.3500000000001
2024-01-20,109,0.36768084207083274,0.3332948420708327,0.40206684207083276,0.31097263152976107,0.2618497743869039,0.3600954886726182,31.097263152976108,26.18497743869039,36.00954886726182,Stem Elongation,2023-10-03,2024-07-30,-4.1,-5.9,0.8,0.0,82,1032.9,7.0,43,0.0,663.3500000000001
2024-01-21,110,0.37091693782844726,0.33653093782844723,0.4053029378284473,0.3155956254692104,0.2664727683263532,0.3647184826120675,31.55956254692104,26.64727683263532,36.47184826120675,Stem Elongation,2023-10-03,2024-07-30,-2.0,-6.0,3.8,0.0,60,1030.6,12.5,62,0.0,663.3500000000001
2024-01-22,111,0.37415098680834213,0.3397649868083421,0.40853698680834216,0.3202156954404888,0.2710928382976316,0.3693385525833459,32.02156954404888,27.109283829763157,36.93385525833459,Stem Elongation,2023-10-03,2024-07-30,4.7,-0.7,10.8,8.0,72,1020.9,21.4,90,5.050000000000001,668.4000000000001
2024-01-23,112,0.3773995763585425,0.34301357635854246,0.4117855763585425,0.32485653765506073,0.27573368051220354,0.37397939479791786,32.48565376550607,27.573368051220353,37.39793947979179,Stem Elongation,2023-10-03,2024-07-30,4.2,3.2,5.9,2.0,84,1028.0,22.9,90,4.550000000000001,672.95
2024-01-24,113,0.3806652976448706,0.34627929764487064,0.4150512976448706,0.3295218537783866,0.28039899663552953,0.3786447109212437,32.95218537783866,28.03989966355295,37.86447109212437,Stem Elongation,2023-10-03,2024-07-30,8.1,4.7,10.2,2.8,83,1024.8,28.2,96,7.449999999999999,680.4000000000001
2024-01-25,114,0.38395275468872747,0.34956675468872744,0.4183387546887275,0.3342182209838964,0.28509536384103923,0.38334107812675355,33.42182209838964,28.509536384103924,38.334107812675356,Stem Elongation,2023-10-03,2024-07-30,4.9,3.2,7.3,0.2,86,1029.9,15.3,94,5.25,685.6500000000001
2024-01-26,115,0.3873025906251064,0.3529165906251064,0.42168859062510644,0.3390037008930092,0.289880843750152,0.3881265580358663,33.90037008930092,28.988084375015198,38.81265580358663,Stem Elongation,2023-10-03,2024-07-30,6.3,1.4,9.4,3.9,92,1028.1,17.4,80,5.4,691.0500000000001
2024-01-27,116,0.3909835060580098,0.35659750605800977,0.4253695060580098,0.3442621515114426,0.29513929436858544,0.39338500865429976,34.42621515114426,29.513929436858543,39.33850086542998,Stem Elongation,2023-10-03,2024-07-30,1.1,-2.2,5.4,0.0,79,1037.6,8.2,6,1.6,692.6500000000001
2024-01-28,117,0.39603394103412204,0.361647941034122,0.43041994103412207,0.35147705862017437,0.3023542014773172,0.4005999157630315,35.14770586201744,30.235420147731716,40.05999157630315,Stem Elongation,2023-10-03,2024-07-30,1.3,-2.2,7.6,0.0,70,1035.1,9.4,14,2.6999999999999997,695.3500000000001
2024-01-29,118,0.4045757210543643,0.3701897210543643,0.43896172105436426,0.3636796015062348,0.3145567443633776,0.4128024586490918,36.36796015062348,31.45567443633776,41.28024586490918,Stem Elongation,2023-10-03,2024-07-30,1.8,-1.9,8.7,0.0,76,1032.5,9.8,55,3.3999999999999995,698.7500000000001
2024-01-30,119,0.41797728760284136,0.38359128760284134,0.4523632876028414,0.3828246965754877,0.3337018394326305,0.4319475537183448,38.282469657548766,33.37018394326305,43.19475537183448,Stem Elongation,2023-10-03,2024-07-30,3.0,-1.2,9.6,0.3,78,1032.5,9.0,95,4.2,702.9500000000002
2024-01-31,120,0.43369602010601527,0.39931002010601524,0.4680820201060153,0.40528002872287894,0.3561571715800218,0.45440288586573613,40.52800287228789,35.615717158002184,45.440288586573615,Stem Elongation,2023-10-03,2024-07-30,5.0,3.3,7.9,1.3,93,1033.8,8.9,91,5.6,708.5500000000002
2024-02-01,121,0.44659238423286507,0.41220638423286504,0.4809783842328651,0.4237034060469501,0.3745805489040929,0.4728262631898073,42.37034060469501,37.458054890409294,47.28262631898073,Stem Elongation,2023-10-03,2024-07-30,5.1,-0.2,7.1,4.5,91,1030.4,15.5,83,3.4499999999999997,712.0000000000002
2024-02-02,122,0.4542974997341769,0.41991149973417685,0.4886834997341769,0.43471071390596694,0.3855878567631098,0.48383357104882413,43.47107139059669,38.55878567631098,48.383357104882414,Stem Elongation,2023-10-03,2024-07-30,3.5,-1.0,7.6,0.2,82,1032.2,16.2,77,3.3,715.3000000000002
2024-02-03,123,0.45837596981714895,0.423989969817149,0.4927619698171489,0.4405370997387843,0.3914142425959271,0.4896599568816413,44.053709973878426,39.14142425959271,48.965995688164135,Stem Elongation,2023-10-03,2024-07-30,5.7,4.8,6.4,0.2,86,1029.3,22.0,99,5.6,720.9000000000002
2024-02-04,124,0.4610620747694837,0.42667607476948366,0.4954480747694837,0.44437439252783384,0.39525153538497665,0.49349724967069103,44.437439252783385,39.52515353849766,49.3497249670691,Stem Elongation,2023-10-03,2024-07-30,6.5,5.5,7.9,1.2,90,1026.3,25.3,100,6.7,727.6000000000003
2024-02-05,125,0.46343239330465913,0.4290463933046591,0.49781839330465916,0.44776056186379876,0.39863770472094157,0.49688341900665595,44.776056186379876,39.86377047209416,49.68834190066559,Stem Elongation,2023-10-03,2024-07-30,6.3,3.8,9.6,0.1,83,1023.7,22.2,83,6.699999999999999,734.3000000000003
2024-02-06,126,0.46576311134833703,0.431377111348337,0.5001491113483371,0.4510901590690529,0.40196730192619573,0.50021301621191,45.10901590690529,40.196730192619576,50.02130162119101,Stem Elongation,2023-10-03,2024-07-30,5.2,2.8,7.4,0.0,81,1018.8,24.4,97,5.1,739.4000000000003
2024-02-07,127,0.46809499476551497,0.43370899476551494,0.502480994765515,0.4544214210935928,0.4052985639507356,0.50354427823645,45.44214210935928,40.52985639507356,50.354427823645,Stem Elongation,2023-10-03,2024-07-30,6.8,5.9,8.3,8.0,86,1009.1,22.8,100,7.1000000000000005,746.5000000000003
2024-02-08,128,0.4704312907931649,0.4360452907931649,0.504817290793165,0.4577589868473785,0.4086361297045213,0.5068818439902356,45.77589868473785,40.86361297045213,50.68818439902356,Stem Elongation,2023-10-03,2024-07-30,8.3,6.6,9.9,11.1,90,1002.0,19.0,100,8.25,754.7500000000003
2024-02-09,129,0.4727707234587345,0.43838472345873447,0.5071567234587345,0.46110103351247783,0.41197817636962064,0.510223890655335,46.11010335124778,41.197817636962064,51.0223890655335,Stem Elongation,2023-10-03,2024-07-30,9.1,7.4,11.8,7.4,88,994.0,13.6,99,9.600000000000001,764.3500000000004
2024-02-10,130,0.47511215467422974,0.4407261546742297,0.5094981546742298,0.4644459352488996,0.4153230781060424,0.5135687923917568,46.44459352488996,41.53230781060424,51.356879239175676,Stem Elongation,2023-10-03,2024-07-30,7.7,4.5,11.4,0.3,91,988.8,7.9,99,7.95,772.3000000000004
2024-02-11,131,0.47745685731698895,0.4430708573169889,0.511842857316989,0.46779551045284135,0.41867265330998416,0.5169183675956985,46.77955104528414,41.867265330998414,51.69183675956985,Stem Elongation,2023-10-03,2024-07-30,6.0,4.1,7.6,5.3,89,993.7,16.9,99,5.85,778.1500000000004
2024-02-12,132,0.47982224999915957,0.44543624999915954,0.5142082499991596,0.47117464285594224,0.42205178571308505,0.5202974999987994,47.117464285594224,42.20517857130851,52.02974999987994,Stem Elongation,2023-10-03,2024-07-30,5.4,3.5,7.7,0.9,85,1005.8,15.3,93,5.6,783.7500000000005
2024-02-13,133,0.48228143123188394,0.4478954312318839,0.516667431231884,0.4746877589026913,0.42556490175983414,0.5238106160455486,47.468775890269136,42.55649017598341,52.38106160455486,Stem Elongation,2023-10-03,2024-07-30,3.8,1.3,7.8,0.6,83,1020.6,10.9,82,4.55,788.3000000000004
2024-02-14,134,0.48498968061364894,0.45060368061364897,0.5193756806136489,0.47855668659092715,0.42943382944806996,0.5276795437337841,47.855668659092714,42.943382944807,52.76795437337841,Stem Elongation,2023-10-03,2024-07-30,5.7,-0.1,9.9,3.6,84,1022.8,11.4,90,4.9,793.2000000000004
2024-02-15,135,0.48806102215538416,0.45367502215538413,0.5224470221553842,0.4829443173648345,0.4338214602219773,0.5320671745076917,48.29443173648345,43.38214602219773,53.20671745076917,Booting,2023-10-03,2024-07-30,9.0,5.3,13.9,0.0,84,1020.4,8.6,94,9.6,802.8000000000004
2024-02-16,136,0.4913416736185106,0.45695567361851064,0.5257276736185106,0.4876309623121581,0.4385081051693009,0.5367538194550151,48.763096231215805,43.85081051693009,53.67538194550151,Booting,2023-10-03,2024-07-30,9.6,5.0,15.7,1.3,84,1018.1,10.6,91,10.35,813.1500000000004
2024-02-17,137,0.4944817619205706,0.46009576192057056,0.5288677619205706,0.49211680274367225,0.44299394560081506,0.5412396598865294,49.211680274367225,44.29939456008151,54.12396598865294,Booting,2023-10-03,2024-07-30,8.7,4.4,11.5,1.4,85,1030.0,10.8,68,7.95,821.1000000000005
2024-02-18,138,0.4972994061191244,0.46291340611912435,0.5316854061191244,0.49614200874160624,0.44701915159874905,0.5452648658844634,49.61420087416062,44.70191515987491,54.526486588446346,Booting,2023-10-03,2024-07-30,7.1,1.9,12.1,1.0,82,1030.9,9.5,78,7.0,828.1000000000005
2024-02-19,139,0.4998764838838423,0.4654904838838423,0.5342624838838423,0.49982354840548904,0.45070069126263185,0.5489464055483462,49.9823548405489,45.070069126263185,54.894640554834616,Booting,2023-10-03,2024-07-30,7.0,6.0,7.7,1.9,84,1027.1,19.0,99,6.85,834.9500000000005
2024-02-20,140,0.5023489134266925,0.4679629134266925,0.5367349134266926,0.5033555906095607,0.45423273346670356,0.552478447752418,50.33555906095607,45.423273346670356,55.247844775241795,Booting,2023-10-03,2024-07-30,5.9,4.2,8.1,1.0,80,1028.6,15.0,95,6.15,841.1000000000005
2024-02-21,141,0.5047816626781592,0.47039566267815913,0.5391676626781592,0.5068309466830845,0.45770808954022735,0.5559538038259417,50.68309466830845,45.77080895402273,55.59538038259417,Booting,2023-10-03,2024-07-30,7.1,3.3,11.2,0.3,70,1021.1,11.3,93,7.25,848.3500000000005
2024-02-22,142,0.5071882611459004,0.4728022611459004,0.5415742611459005,0.5102689444941435,0.4611460873512863,0.5593918016370006,51.02689444941435,46.114608735128634,55.939180163700065,Booting,2023-10-03,2024-07-30,8.3,6.7,9.9,16.8,85,1000.6,22.1,100,8.3,856.6500000000004
2024-02-23,143,0.5095666038223179,0.47518060382231786,0.5439526038223179,0.5136665768890255,0.46454371974616837,0.5627894340318828,51.36665768890255,46.45437197461683,56.27894340318827,Booting,2023-10-03,2024-07-30,4.4,1.4,8.0,1.5,78,999.3,14.7,100,4.7,861.3500000000005
2024-02-24,144,0.5119116898536891,0.47752568985368904,0.5462976898536891,0.5170166997909844,0.4678938426481272,0.5661395569338415,51.70166997909844,46.789384264812725,56.613955693384156,Booting,2023-10-03,2024-07-30,2.6,-0.6,8.5,3.2,81,1004.7,11.1,80,3.95,865.3000000000005
2024-02-25,145,0.5142177281946674,0.47983172819466735,0.5486037281946674,0.5203110402780963,0.4711881831352391,0.5694338974209534,52.031104027809626,47.11881831352391,56.94338974209534,Booting,2023-10-03,2024-07-30,4.2,-0.0,9.7,0.1,71,1006.2,11.3,38,4.85,870.1500000000005
2024-02-26,146,0.5164783897690188,0.4820923897690188,0.5508643897690189,0.523540556812884,0.47441769967002684,0.5726634139557413,52.3540556812884,47.441769967002685,57.26634139557413,Booting,2023-10-03,2024-07-30,5.4,2.1,11.0,0.8,75,1002.5,7.9,100,6.55,876.7000000000005
2024-02-27,147,0.5186867727959756,0.4843007727959756,0.5530727727959757,0.5266953897085366,0.47757253256567944,0.5758182468513938,52.66953897085366,47.75725325656794,57.58182468513938,Booting,2023-10-03,2024-07-30,5.2,3.3,8.4,0.5,87,1012.6,12.5,100,5.85,882.5500000000005
2024-02-28,148,0.5208353679236607,0.48644936792366067,0.5552213679236607,0.5297648113195152,0.4806419541766581,0.5788876684623725,52.97648113195152,48.064195417665815,57.888766846237246,Booting,2023-10-03,2024-07-30,4.4,2.4,6.8,0.0,87,1021.3,5.8,100,4.6,887.1500000000005
2024-02-29,149,0.5229155783091815,0.4885295783091814,0.5573015783091815,0.5327365404416878,0.4836136832988306,0.581859397584545,53.27365404416879,48.36136832988306,58.185939758454495,Booting,2023-10-03,2024-07-30,4.0,-1.6,9.7,0.0,84,1016.0,8.1,38,4.05,891.2000000000005
2024-03-01,150,0.5249148683696813,0.49052886836968124,0.5593008683696813,0.5355926690995446,0.4864698119566875,0.5847155262424019,53.55926690995446,48.64698119566875,58.47155262424019,Booting,2023-10-03,2024-07-30,5.3,0.2,10.8,0.0,87,1007.9,6.6,79,5.5,896.7000000000005
2024-03-02,151,0.526800794082685,0.49241479408268496,0.561186794082685,0.53828684868955,0.4891639915466928,0.5874097058324071,53.828684868955,48.916399154669286,58.74097058324072,Booting,2023-10-03,2024-07-30,6.9,3.2,11.9,0.0,84,1005.9,11.1,70,7.550000000000001,904.2500000000005
2024-03-03,152,0.5284890231840117,0.49410302318401167,0.5628750231840117,0.5406986045485881,0.49157574740573096,0.5898214616914453,54.06986045485881,49.1575747405731,58.982146169144535,Booting,2023-10-03,2024-07-30,8.1,2.2,15.4,0.0,76,1001.1,9.2,37,8.8,913.0500000000004
2024-03-04,153,0.5298834269103523,0.49549742691035226,0.5642694269103523,0.5426906098719319,0.49356775272907466,0.591813467014789,54.269060987193185,49.35677527290746,59.1813467014789,Booting,2023-10-03,2024-07-30,5.6,0.8,8.6,0.1,90,1009.1,9.0,92,4.7,917.7500000000005
2024-03-05,154,0.5311287819865806,0.4967427819865806,0.5655147819865807,0.5444696885522581,0.4953468314094009,0.5935925456951152,54.446968855225805,49.53468314094009,59.35925456951152,Booting,2023-10-03,2024-07-30,5.9,2.5,9.0,2.1,89,1015.2,8.1,90,5.75,923.5000000000005
2024-03-06,155,0.5327522275969563,0.49836622759695626,0.5671382275969563,0.5467888965670804,0.4976660394242232,0.5959117537099375,54.67888965670804,49.76660394242232,59.59117537099375,Booting,2023-10-03,2024-07-30,5.5,2.7,8.9,1.8,86,1020.5,10.5,97,5.800000000000001,929.3000000000004
2024-03-07,156,0.5351350254863829,0.5007490254863829,0.569521025486383,0.5501928935519756,0.5010700364091184,0.5993157506948328,55.019289355197564,50.10700364091184,59.93157506948328,Booting,2023-10-03,2024-07-30,3.2,-1.4,6.7,0.0,74,1022.2,11.6,70,2.6500000000000004,931.9500000000004
2024-03-08,157,0.538017764953494,0.5036317649534939,0.572403764953494,0.5543110927907057,0.5051882356478484,0.6034339499335628,55.43110927907057,50.518823564784846,60.343394993356284,Booting,2023-10-03,2024-07-30,3.6,-1.3,9.4,0.0,69,1014.2,16.0,5,4.05,936.0000000000003
2024-03-09,158,0.5409479978553253,0.5065619978553253,0.5753339978553254,0.5584971397933219,0.5093742826504647,0.6076199969361791,55.84971397933219,50.93742826504647,60.76199969361791,Booting,2023-10-03,2024-07-30,5.8,-0.7,13.5,0.0,69,1004.7,9.4,61,6.4,942.4000000000003
2024-03-10,159,0.5438027779551293,0.5094167779551293,0.5781887779551294,0.5625753970787561,0.513452539935899,0.6116982542216134,56.257539707875615,51.3452539935899,61.16982542216134,Booting,2023-10-03,2024-07-30,8.5,3.5,14.9,0.4,69,996.0,13.8,98,9.2,951.6000000000004
2024-03-11,160,0.5466704478760429,0.5122844478760429,0.5810564478760429,0.566672068394347,0.5175492112514898,0.6157949255372042,56.667206839434705,51.754921125148975,61.579492553720414,Booting,2023-10-03,2024-07-30,7.1,3.1,12.5,0.0,74,1005.8,11.8,53,7.8,959.4000000000003
2024-03-12,161,0.5496183864606792,0.5152323864606791,0.5840043864606792,0.5708834092295417,0.5217605520866845,0.6200062663723989,57.088340922954174,52.17605520866845,62.00062663723989,Booting,2023-10-03,2024-07-30,5.6,3.1,8.9,0.5,82,1016.6,13.5,80,6.0,965.4000000000003
2024-03-13,162,0.5526612435689502,0.5182752435689502,0.5870472435689502,0.5752303479556431,0.526107490812786,0.6243532050985003,57.52303479556431,52.6107490812786,62.43532050985004,Booting,2023-10-03,2024-07-30,7.2,3.6,10.4,3.6,88,1018.5,8.2,96,7.0,972.4000000000003
2024-03-14,163,0.5557948015360576,0.5214088015360576,0.5901808015360577,0.5797068593372252,0.5305840021943681,0.6288297164800825,57.97068593372252,53.058400219436805,62.882971648008244,Booting,2023-10-03,2024-07-30,9.7,6.1,14.8,0.0,84,1016.1,7.8,94,10.45,982.8500000000004
2024-03-15,164,0.5590121271851223,0.5246261271851222,0.5933981271851223,0.584303038835889,0.5351801816930318,0.6334258959787462,58.4303038835889,53.51801816930318,63.34258959787462,Booting,2023-10-03,2024-07-30,10.3,7.6,15.4,1.7,80,1013.9,13.2,92,11.5,994.3500000000004
2024-03-16,165,0.5623063463994222,0.5279203463994222,0.5966923463994223,0.5890090662848889,0.5398862091420317,0.638131923427746,58.90090662848889,53.98862091420317,63.813192342774606,Heading,2023-10-03,2024-07-30,8.5,4.1,12.0,4.9,85,1019.3,16.2,84,8.05,1002.4000000000003
2024-03-17,166,0.5656710219671698,0.5312850219671698,0.6000570219671698,0.5938157456673854,0.5446928885245282,0.6429386028102426,59.381574566738536,54.46928885245283,64.29386028102427,Heading,2023-10-03,2024-07-30,7.3,2.8,12.1,0.0,74,1023.3,5.7,89,7.449999999999999,1009.8500000000004
2024-03-18,167,0.5691000884745727,0.5347140884745727,0.6034860884745727,0.5987144121065324,0.5495915549636753,0.6478372692493897,59.871441210653245,54.95915549636753,64.78372692493896,Heading,2023-10-03,2024-07-30,7.5,3.5,12.5,2.0,83,1017.6,5.2,84,8.0,1017.8500000000004
2024-03-19,168,0.5725877891478108,0.5382017891478108,0.6069737891478109,0.6036968416397298,0.5545739844968726,0.6528196987825869,60.369684163972984,55.457398449687254,65.28196987825869,Heading,2023-10-03,2024-07-30,7.5,2.7,13.5,0.3,84,1020.1,4.8,87,8.1,1025.9500000000003
2024-03-20,169,0.5761286142150559,0.5417426142150559,0.6105146142150559,0.6087551631643656,0.5596323060215084,0.6578780203072228,60.87551631643656,55.96323060215084,65.78780203072228,Heading,2023-10-03,2024-07-30,9.4,3.0,15.7,0.0,73,1020.3,6.7,79,9.35,1035.3000000000002
2024-03-21,170,0.5797172403668067,0.5453312403668067,0.6141032403668067,0.613881771952581,0.5647589148097238,0.6630046290954382,61.388177195258095,56.475891480972386,66.30046290954382,Heading,2023-10-03,2024-07-30,9.7,6.1,13.9,2.5,76,1021.7,13.9,92,10.0,1045.3000000000002
2024-03-22,171,0.5833484708974958,0.5489624708974957,0.6177344708974958,0.6190692441392797,0.5699463869964224,0.6681921012821368,61.90692441392797,56.994638699642245,66.81921012821368,Heading,2023-10-03,2024-07-30,9.9,4.0,15.7,0.0,71,1019.3,9.3,84,9.85,1055.15
2024-03-23,172,0.5870171761135708,0.5526311761135708,0.6214031761135709,0.6243102515908155,0.5751873944479583,0.6734331087336727,62.43102515908156,57.51873944479583,67.34331087336727,Heading,2023-10-03,2024-07-30,6.9,2.3,9.6,3.6,75,1010.5,19.3,63,5.949999999999999,1061.1000000000001
2024-03-24,173,0.59071823359309,0.5563322335930899,0.62510423359309,0.6295974765615571,0.5804746194186999,0.6787203337044143,62.959747656155706,58.04746194186999,67.87203337044143,Heading,2023-10-03,2024-07-30,3.2,1.3,5.2,6.1,82,1009.1,22.6,87,3.25,1064.3500000000001
2024-03-25,174,0.5944464678792611,0.5600604678792611,0.6288324678792612,0.6349235255418016,0.5858006683989444,0.6840463826846588,63.492352554180165,58.58006683989444,68.40463826846587,Heading,2023-10-03,2024-07-30,4.3,1.2,9.2,0.1,71,1007.8,13.1,65,5.199999999999999,1069.5500000000002
2024-03-26,175,0.5981965891853223,0.5638105891853222,0.6325825891853223,0.6402808416933176,0.5911579845504603,0.6894036988361747,64.02808416933176,59.11579845504603,68.94036988361746,Heading,2023-10-03,2024-07-30,6.9,0.0,14.4,0.0,61,995.7,10.9,61,7.2,1076.7500000000002
2024-03-27,176,0.6019631306806367,0.5675771306806366,0.6363491306806367,0.6456616152580524,0.5965387581151952,0.6947844724009096,64.56616152580524,59.65387581151952,69.47844724009096,Heading,2023-10-03,2024-07-30,8.6,3.5,18.1,8.1,74,987.9,13.7,94,10.8,1087.5500000000002
2024-03-28,177,0.605740584946123,0.571354584946123,0.6401265849461231,0.6510579784944615,0.6019351213516043,0.7001808356373187,65.10579784944615,60.19351213516043,70.01808356373186,Heading,2023-10-03,2024-07-30,6.0,1.8,10.0,1.8,73,995.0,16.0,54,5.9,1093.4500000000003
2024-03-29,178,0.6095250459078159,0.5751390459078158,0.6439110459078159,0.6564643512968799,0.6073414941540226,0.705587208439737,65.64643512968799,60.734149415402264,70.5587208439737,Heading,2023-10-03,2024-07-30,9.0,3.8,15.7,2.3,66,1001.0,11.6,95,9.75,1103.2000000000003
2024-03-30,179,0.6133268125010983,0.5789408125010983,0.6477128125010984,0.6618954464301405,0.6127725892872833,0.7110183035729977,66.18954464301406,61.27725892872833,71.10183035729976,Heading,2023-10-03,2024-07-30,13.7,7.7,21.3,0.0,57,999.0,12.2,78,14.5,1117.7000000000003
2024-03-31,180,0.6172185299108384,0.5828325299108383,0.6516045299108384,0.6674550427297691,0.6183321855869119,0.7165778998726263,66.7455042729769,61.83321855869119,71.65778998726263,Heading,2023-10-03,2024-07-30,11.8,5.8,17.8,0.3,74,998.5,7.9,79,11.8,1129.5000000000002
2024-04-01,181,0.6214535055986525,0.5870675055986525,0.6558395055986526,0.6735050079980751,0.6243821508552179,0.7226278651409322,67.3505007998075,62.43821508552179,72.26278651409322,Heading,2023-10-03,2024-07-30,9.5,5.8,12.5,2.1,72,998.8,16.2,95,9.15,1138.6500000000003
2024-04-02,182,0.6265567405639663,0.5921707405639662,0.6609427405639663,0.6807953436628089,0.6316724865199518,0.7299182008056662,68.0795343662809,63.16724865199518,72.99182008056661,Heading,2023-10-03,2024-07-30,7.9,5.4,11.5,0.7,71,1011.4,19.3,51,8.45,1147.1000000000004
2024-04-03,183,0.6329302077704735,0.5985442077704735,0.6673162077704735,0.6899002968149621,0.640777439672105,0.7390231539578194,68.99002968149621,64.0777439672105,73.90231539578194,Heading,2023-10-03,2024-07-30,8.6,6.0,11.7,2.8,74,1011.6,14.0,91,8.85,1155.9500000000003
2024-04-04,184,0.6396185855726773,0.6052325855726772,0.6740045855726773,0.6994551222466818,0.6503322651038246,0.748577979389539,69.94551222466818,65.03322651038246,74.8577979389539,Heading,2023-10-03,2024-07-30,10.8,8.9,14.2,5.9,84,1014.2,19.2,86,11.55,1167.5000000000002
2024-04-05,185,0.6439975477704546,0.6096115477704546,0.6783835477704546,0.7057107825292208,0.6565879253863637,0.7548336396720781,70.57107825292208,65.65879253863636,75.48336396720781,Heading,2023-10-03,2024-07-30,14.2,8.7,20.9,0.7,73,1016.3,12.6,95,14.799999999999999,1182.3000000000002
2024-04-06,186,0.6445688010410775,0.6101828010410775,0.6789548010410775,0.7065268586301108,0.6574040014872535,0.7556497157729679,70.65268586301107,65.74040014872536,75.56497157729679,Flowering,2023-10-03,2024-07-30,17.2,11.6,24.4,0.0,55,1016.9,10.2,82,18.0,1200.3000000000002
2024-04-07,187,0.6430921064498697,0.6087061064498697,0.6774781064498697,0.7044172949283853,0.6552944377855281,0.7535401520712425,70.44172949283853,65.5294437785528,75.35401520712425,Flowering,2023-10-03,2024-07-30,17.1,12.1,22.2,0.0,59,1016.9,10.7,92,17.15,1217.4500000000003
2024-04-08,188,0.6420867843738269,0.6077007843738269,0.676472784373827,0.7029811205340385,0.6538582633911814,0.7521039776768956,70.29811205340386,65.38582633911814,75.21039776768956,Flowering,2023-10-03,2024-07-30,18.9,11.9,25.9,0.0,52,1011.0,7.3,61,18.9,1236.3500000000004
2024-04-09,189,0.6422564680073931,0.6078704680073931,0.6766424680073931,0.7032235257248474,0.6541006685819901,0.7523463828677045,70.32235257248473,65.41006685819902,75.23463828677045,Flowering,2023-10-03,2024-07-30,12.0,7.2,16.7,2.0,69,1013.6,16.9,94,11.95,1248.3000000000004
2024-04-10,190,0.6431628897051735,0.6087768897051735,0.6775488897051736,0.7045184138645336,0.6553955567216765,0.7536412710073909,70.45184138645337,65.53955567216765,75.36412710073908,Flowering,2023-10-03,2024-07-30,8.6,6.1,11.9,0.0,67,1028.7,8.8,89,9.0,1257.3000000000004
2024-04-11,191,0.644428974481214,0.6100429744812139,0.678814974481214,0.7063271064017342,0.657204249258877,0.7554499635445914,70.63271064017343,65.7204249258877,75.54499635445914,Flowering,2023-10-03,2024-07-30,10.0,3.3,16.1,0.0,69,1033.4,4.2,31,9.700000000000001,1267.0000000000005
2024-04-12,192,0.6459255024146464,0.6115395024146464,0.6803115024146464,0.7084650034494949,0.6593421463066377,0.7575878605923521,70.84650034494949,65.93421463066377,75.7587860592352,Flowering,2023-10-03,2024-07-30,12.5,5.1,18.9,0.0,66,1032.3,7.4,57,12.0,1279.0000000000005
2024-04-13,193,0.6476166681796833,0.6132306681796833,0.6820026681796834,0.7108809545424047,0.6617580973995476,0.760003811685262,71.08809545424047,66.17580973995476,76.0003811685262,Flowering,2023-10-03,2024-07-30,14.7,7.6,21.7,0.0,71,1027.2,7.1,87,14.649999999999999,1293.6500000000005
2024-04-14,194,0.64948668586695,0.61510068586695,0.68387268586695,0.7135524083813571,0.6644295512385,0.7626752655242144,71.35524083813571,66.44295512385,76.26752655242144,Flowering,2023-10-03,2024-07-30,16.3,12.7,21.1,0.0,65,1020.3,13.3,95,16.9,1310.5500000000006
2024-04-15,195,0.6515495592899045,0.6171635592899045,0.6859355592899046,0.7164993704141494,0.6673765132712922,0.7656222275570066,71.64993704141493,66.73765132712923,76.56222275570066,Flowering,2023-10-03,2024-07-30,11.6,5.0,14.5,5.2,79,1010.2,17.7,88,9.75,1320.3000000000006
2024-04-16,196,0.6539869712491526,0.6196009712491526,0.6883729712491526,0.7199813874987895,0.6708585303559322,0.7691042446416466,71.99813874987895,67.08585303559322,76.91042446416466,Flowering,2023-10-03,2024-07-30,5.4,2.8,8.6,9.0,80,1007.3,25.2,83,5.699999999999999,1326.0000000000007
2024-04-17,197,0.6575474485499366,0.6231614485499366,0.6919334485499367,0.7250677836427666,0.6759449264999094,0.7741906407856238,72.50677836427666,67.59449264999094,77.41906407856239,Flowering,2023-10-03,2024-07-30,5.1,1.9,8.5,3.6,78,1009.5,11.2,91,5.2,1331.2000000000007
2024-04-18,198,0.6637944130806162,0.6294084130806161,0.6981804130806162,0.7339920186865945,0.6848691615437373,0.7831148758294517,73.39920186865945,68.48691615437373,78.31148758294518,Flowering,2023-10-03,2024-07-30,3.8,1.1,9.5,2.4,82,1016.2,8.9,77,5.3,1336.5000000000007
2024-04-19,199,0.6737938432641724,0.6394078432641723,0.7081798432641724,0.7482769189488176,0.6991540618059605,0.7973997760916749,74.82769189488177,69.91540618059605,79.73997760916748,Flowering,2023-10-03,2024-07-30,3.4,2.1,5.1,9.3,89,1013.8,21.0,96,3.5999999999999996,1340.1000000000006
2024-04-20,200,0.6857668025997604,0.6513808025997604,0.7201528025997604,0.7653811465710864,0.7162582894282291,0.8145040037139435,76.53811465710864,71.6258289428229,81.45040037139435,Flowering,2023-10-03,2024-07-30,4.4,1.9,7.8,0.8,77,1016.9,16.9,92,4.85,1344.9500000000005
2024-04-21,201,0.6959096622651414,0.6615236622651414,0.7302956622651414,0.7798709460930592,0.7307480889502019,0.8289938032359163,77.98709460930591,73.0748088950202,82.89938032359163,Flowering,2023-10-03,2024-07-30,3.0,1.3,5.8,6.6,86,1019.1,12.4,100,3.55,1348.5000000000005
2024-04-22,202,0.7023468179188022,0.6679608179188021,0.7367328179188022,0.789066882741146,0.7399440255982888,0.8381897398840031,78.9066882741146,73.99440255982887,83.81897398840032,Flowering,2023-10-03,2024-07-30,2.9,-1.9,6.6,0.7,68,1021.5,11.6,57,2.3499999999999996,1350.8500000000004
2024-04-23,203,0.706279106492758,0.671893106492758,0.7406651064927581,0.7946844378467972,0.7455615807039401,0.8438072949896545,79.46844378467972,74.556158070394,84.38072949896545,Flowering,2023-10-03,2024-07-30,3.4,-1.7,7.4,0.0,66,1017.4,10.3,73,2.85,1353.7000000000003
2024-04-24,204,0.7095781333363936,0.6751921333363936,0.7439641333363937,0.7993973333377052,0.750274476194848,0.8485201904805624,79.93973333377052,75.0274476194848,84.85201904805623,Flowering,2023-10-03,2024-07-30,3.4,0.2,6.6,1.2,73,1010.4,14.6,56,3.4,1357.1000000000004
2024-04-25,205,0.712989783543239,0.678603783543239,0.7473757835432391,0.8042711193474844,0.7551482622046272,0.8533939764903415,80.42711193474844,75.51482622046272,85.33939764903415,Flowering,2023-10-03,2024-07-30,3.6,1.0,7.3,1.2,78,1009.1,12.8,78,4.15,1361.2500000000005
2024-04-26,206,0.7163442960919116,0.6819582960919116,0.7507302960919117,0.8090632801313024,0.7599404229884452,0.8581861372741595,80.90632801313023,75.99404229884452,85.81861372741595,Flowering,2023-10-03,2024-07-30,6.8,-0.7,12.7,0.2,70,1008.0,9.6,52,6.0,1367.2500000000005
2024-04-27,207,0.719416787567634,0.685030787567634,0.7538027875676341,0.8134525536680487,0.7643296965251914,0.8625754108109058,81.34525536680486,76.43296965251915,86.25754108109058,Flowering,2023-10-03,2024-07-30,11.2,2.5,18.5,0.1,62,1009.4,8.7,24,10.5,1377.7500000000005
2024-04-28,208,0.7222325847128259,0.6878465847128259,0.756618584712826,0.8174751210183228,0.7683522638754656,0.8665979781611799,81.74751210183227,76.83522638754656,86.65979781611799,Flowering,2023-10-03,2024-07-30,13.1,7.3,18.9,0.1,60,1013.3,11.0,82,13.1,1390.8500000000004
2024-04-29,209,0.7248914334416106,0.6905054334416105,0.7592774334416106,0.8212734763451579,0.7721506192023008,0.8703963334880152,82.12734763451579,77.21506192023007,87.03963334880152,Grain Filling,2023-10-03,2024-07-30,14.1,8.0,20.5,0.1,69,1020.6,7.4,81,14.25,1405.1000000000004
2024-04-30,210,0.7274397689170614,0.6930537689170614,0.7618257689170614,0.824913955595802,0.7757910984529448,0.8740368127386592,82.49139555958021,77.57910984529448,87.40368127386591,Grain Filling,2023-10-03,2024-07-30,17.5,9.9,24.9,0.0,62,1014.5,8.0,48,17.4,1422.5000000000005
2024-05-01,211,0.7298808189370518,0.6954948189370518,0.7642668189370518,0.8284011699100741,0.7792783127672168,0.8775240270529312,82.8401169910074,77.92783127672168,87.75240270529312,Grain Filling,2023-10-03,2024-07-30,17.1,10.2,23.7,0.0,59,1005.8,11.1,48,16.95,1439.4500000000005
2024-05-02,212,0.7322045753226556,0.6978185753226556,0.7665905753226556,0.831720821889508,0.7825979647466508,0.8808436790323652,83.1720821889508,78.25979647466508,88.08436790323651,Grain Filling,2023-10-03,2024-07-30,15.6,10.9,20.9,2.3,68,1000.5,12.1,73,15.899999999999999,1455.3500000000006
2024-05-03,213,0.7343986119954381,0.7000126119954381,0.7687846119954381,0.834855159993483,0.7857323028506258,0.8839780171363402,83.48551599934831,78.57323028506258,88.39780171363401,Grain Filling,2023-10-03,2024-07-30,11.0,9.2,13.6,0.2,74,1013.0,16.4,93,11.399999999999999,1466.7500000000007
2024-05-04,214,0.7364499221161049,0.7020639221161049,0.770835922116105,0.8377856030230071,0.7886627458801498,0.8869084601658642,83.7785603023007,78.86627458801499,88.69084601658642,Grain Filling,2023-10-03,2024-07-30,12.0,5.6,17.2,0.0,71,1015.4,7.3,74,11.399999999999999,1478.1500000000008
2024-05-05,215,0.7383451641685432,0.7039591641685432,0.7727311641685433,0.8404930916693475,0.7913702345264904,0.8896159488122047,84.04930916693475,79.13702345264903,88.96159488122048,Grain Filling,2023-10-03,2024-07-30,13.2,10.2,16.5,7.6,79,1011.4,13.2,88,13.35,1491.5000000000007
2024-05-06,216,0.7400706774316268,0.7056846774316268,0.7744566774316268,0.8429581106166097,0.7938352534737525,0.8920809677594669,84.29581106166097,79.38352534737525,89.20809677594669,Grain Filling,2023-10-03,2024-07-30,13.2,10.3,18.2,11.9,85,1009.4,11.2,96,14.25,1505.7500000000007
2024-05-07,217,0.7416125126595154,0.7072265126595154,0.7759985126595155,0.8451607323707364,0.7960378752278792,0.8942835895135935,84.51607323707364,79.60378752278791,89.42835895135936,Grain Filling,2023-10-03,2024-07-30,11.4,9.0,14.7,1.8,85,1015.6,14.8,99,11.85,1517.6000000000006
2024-05-08,218,0.7429564804326342,0.7085704804326342,0.7773424804326342,0.8470806863323346,0.7979578291894773,0.8962035434751917,84.70806863323345,79.79578291894774,89.62035434751917,Grain Filling,2023-10-03,2024-07-30,10.4,8.4,12.8,0.6,82,1023.5,10.6,93,10.600000000000001,1528.2000000000005
2024-05-09,219,0.7440882199864016,0.7097022199864016,0.7784742199864016,0.8486974571234309,0.7995745999805737,0.897820314266288,84.86974571234309,79.95745999805737,89.7820314266288,Grain Filling,2023-10-03,2024-07-30,12.5,6.8,17.4,0.0,68,1025.2,7.9,45,12.1,1540.3000000000004
2024-05-10,220,0.7449932916922778,0.7106072916922778,0.7793792916922778,0.849990416703254,0.8008675595603968,0.8991132738461112,84.9990416703254,80.08675595603968,89.91132738461111,Grain Filling,2023-10-03,2024-07-30,13.6,6.7,19.0,0.0,65,1022.4,7.0,51,12.85,1553.1500000000003
2024-05-11,221,0.7456572967510977,0.7112712967510977,0.7800432967510977,0.850938995358711,0.8018161382158538,0.9000618525015682,85.0938995358711,80.18161382158539,90.00618525015682,Grain Filling,2023-10-03,2024-07-30,14.9,8.2,21.4,0.0,63,1020.6,7.6,58,14.799999999999999,1567.9500000000003
2024-05-12,222,0.7460660280545357,0.7116800280545357,0.7804520280545357,0.8515228972207654,0.8024000400779081,0.9006457543636225,85.15228972207653,80.24000400779082,90.06457543636225,Grain Filling,2023-10-03,2024-07-30,15.8,9.1,21.6,0.0,64,1017.7,8.2,14,15.350000000000001,1583.3000000000002
2024-05-13,223,0.7462056565656326,0.7118196565656326,0.7805916565656327,0.8517223665223324,0.8025995093794752,0.9008452236651896,85.17223665223324,80.25995093794752,90.08452236651895,Grain Filling,2023-10-03,2024-07-30,16.4,10.5,22.4,0.0,64,1013.7,8.2,8,16.45,1599.7500000000002
2024-05-14,224,0.7460642048753969,0.7116782048753969,0.780450204875397,0.8515202926791385,0.8023974355362813,0.9006431498219957,85.15202926791386,80.23974355362813,90.06431498219956,Grain Filling,2023-10-03,2024-07-30,16.9,10.5,22.9,0.0,61,1008.4,12.8,5,16.7,1616.4500000000003
2024-05-15,225,0.7456410086384209,0.7112550086384208,0.7800270086384209,0.8509157266263155,0.8017928694834584,0.9000385837691728,85.09157266263155,80.17928694834583,90.00385837691728,Grain Filling,2023-10-03,2024-07-30,17.0,11.4,22.9,0.2,59,1005.5,8.5,85,17.15,1633.6000000000004
2024-05-16,226,0.7449998907175082,0.7106138907175081,0.7793858907175082,0.8499998438821545,0.8008769867392973,0.8991227010250117,84.99998438821545,80.08769867392974,89.91227010250117,Grain Filling,2023-10-03,2024-07-30,15.3,11.9,21.6,8.1,78,1005.2,8.7,88,16.75,1650.3500000000004
2024-05-17,227,0.7444063455010885,0.7100203455010885,0.7787923455010886,0.8491519221444122,0.800029065001555,0.8982747792872694,84.91519221444122,80.0029065001555,89.82747792872694,Grain Filling,2023-10-03,2024-07-30,11.6,10.0,12.8,12.0,85,1005.6,17.0,100,11.4,1661.7500000000005
2024-05-18,228,0.7443180374950701,0.7099320374950701,0.7787040374950701,0.8490257678501001,0.799902910707243,0.8981486249929573,84.90257678501001,79.9902910707243,89.81486249929573,Grain Filling,2023-10-03,2024-07-30,13.1,10.2,17.2,8.3,79,1010.8,15.7,84,13.7,1675.4500000000005
2024-05-19,229,0.7446212340176658,0.7102352340176658,0.7790072340176658,0.8494589057395225,0.8003360485966654,0.8985817628823798,84.94589057395225,80.03360485966654,89.85817628823798,Grain Filling,2023-10-03,2024-07-30,14.1,9.4,18.3,1.0,73,1011.5,11.2,31,13.850000000000001,1689.3000000000004
2024-05-20,230,0.7437500964426826,0.7093640964426826,0.7781360964426827,0.8482144234895467,0.7990915663466894,0.8973372806324038,84.82144234895466,79.90915663466895,89.73372806324038,Grain Filling,2023-10-03,2024-07-30,15.5,7.8,21.6,0.1,70,1010.5,6.1,55,14.700000000000001,1704.0000000000005
2024-05-21,231,0.7402855167890554,0.7058995167890554,0.7746715167890554,0.8432650239843649,0.7941421668415077,0.8923878811272221,84.32650239843649,79.41421668415077,89.2387881127222,Grain Filling,2023-10-03,2024-07-30,14.5,12.3,17.8,7.4,85,1006.5,11.6,100,15.05,1719.0500000000004
2024-05-22,232,0.7360592235256426,0.7016732235256425,0.7704452235256426,0.8372274621794894,0.7881046050366323,0.8863503193223466,83.72274621794894,78.81046050366322,88.63503193223467,Grain Filling,2023-10-03,2024-07-30,14.4,11.6,17.9,1.4,76,1011.2,15.4,67,14.75,1733.8000000000004
2024-05-23,233,0.7348893168780741,0.7005033168780741,0.7692753168780742,0.8355561669686773,0.7864333098258202,0.8846790241115345,83.55561669686773,78.64333098258201,88.46790241115346,Grain Filling,2023-10-03,2024-07-30,14.1,9.0,20.0,5.3,79,1015.9,7.1,63,14.5,1748.3000000000004
2024-05-24,234,0.7376127093693848,0.7032267093693848,0.7719987093693849,0.8394467276705497,0.7903238705276926,0.888569584813407,83.94467276705497,79.03238705276927,88.8569584813407,Grain Filling,2023-10-03,2024-07-30,13.5,10.7,17.4,4.6,84,1017.6,5.7,84,14.049999999999999,1762.3500000000004
2024-05-25,235,0.7414368228631101,0.70705082286311,0.7758228228631101,0.8449097469473001,0.7957868898044429,0.8940326040901573,84.49097469473001,79.57868898044428,89.40326040901573,Grain Filling,2023-10-03,2024-07-30,14.1,8.2,18.9,0.7,77,1018.0,4.6,58,13.549999999999999,1775.9000000000003
2024-05-26,236,0.7439359731401951,0.7095499731401951,0.7783219731401951,0.8484799616288502,0.799357104485993,0.8976028187717073,84.84799616288502,79.9357104485993,89.76028187717074,Grain Filling,2023-10-03,2024-07-30,16.1,9.5,21.2,0.1,72,1018.1,6.5,57,15.35,1791.2500000000002
2024-05-27,237,0.744886737681796,0.710500737681796,0.7792727376817961,0.8498381966882801,0.8007153395454228,0.8989610538311372,84.983819668828,80.07153395454229,89.89610538311372,Maturity,2023-10-03,2024-07-30,15.6,13.0,20.1,8.3,82,1018.1,6.5,87,16.55,1807.8000000000002
2024-05-28,238,0.7449338369562268,0.7105478369562268,0.7793198369562269,0.8499054813660384,0.8007826242231811,0.8990283385088955,84.99054813660383,80.07826242231812,89.90283385088955,Maturity,2023-10-03,2024-07-30,13.6,10.0,17.0,1.0,69,1019.5,13.1,66,13.5,1821.3000000000002
2024-05-29,239,0.7444654016585097,0.7100794016585097,0.7788514016585097,0.8492362880835853,0.8001134309407282,0.8983591452264426,84.92362880835853,80.01134309407281,89.83591452264426,Maturity,2023-10-03,2024-07-30,13.9,10.0,18.5,2.6,76,1014.6,9.7,96,14.25,1835.5500000000002
2024-05-30,240,0.7435436606438451,0.7091576606438451,0.7779296606438452,0.847919515205493,0.7987966580626359,0.8970423723483503,84.7919515205493,79.87966580626359,89.70423723483503,Maturity,2023-10-03,2024-07-30,14.6,11.8,18.7,15.0,80,1006.3,12.2,81,15.25,1850.8000000000002
2024-05-31,241,0.7419501773029634,0.7075641773029634,0.7763361773029634,0.8456431104328049,0.7965202532899477,0.8947659675756621,84.5643110432805,79.65202532899477,89.47659675756621,Maturity,2023-10-03,2024-07-30,11.8,10.7,12.8,22.3,93,1008.5,13.5,100,11.75,1862.5500000000002
2024-06-01,242,0.7388341401981604,0.7044481401981604,0.7732201401981604,0.8411916288545149,0.7920687717116577,0.8903144859973721,84.11916288545149,79.20687717116577,89.0314485997372,Maturity,2023-10-03,2024-07-30,13.0,11.7,14.9,29.7,94,1012.1,18.0,100,13.3,1875.8500000000001
2024-06-02,243,0.7324271500515589,0.6980411500515589,0.7668131500515589,0.8320387857879413,0.7829159286450841,0.8811616429307985,83.20387857879413,78.2915928645084,88.11616429307985,Maturity,2023-10-03,2024-07-30,15.5,13.2,19.4,8.4,87,1017.2,8.4,100,16.299999999999997,1892.15
2024-06-03,244,0.7213784818093967,0.6869924818093966,0.7557644818093967,0.8162549740134238,0.7671321168705667,0.865377831156281,81.62549740134239,76.71321168705667,86.5377831156281,Maturity,2023-10-03,2024-07-30,14.1,11.5,16.6,1.1,83,1017.5,10.8,97,14.05,1906.2
2024-06-04,245,0.7072547169053318,0.6728687169053318,0.7416407169053318,0.7960781670076169,0.7469553098647597,0.845201024150474,79.60781670076169,74.69553098647597,84.5201024150474,Maturity,2023-10-03,2024-07-30,15.3,8.9,19.6,0.0,72,1014.8,6.2,45,14.25,1920.45
2024-06-05,246,0.6938369458179385,0.6594509458179385,0.7282229458179386,0.776909922597055,0.7277870654541979,0.8260327797399123,77.69099225970551,72.7787065454198,82.60327797399123,Maturity,2023-10-03,2024-07-30,16.0,11.7,20.0,0.6,76,1013.8,10.9,60,15.85,1936.3
2024-06-06,247,0.6831464447075463,0.6487604447075462,0.7175324447075463,0.7616377781536375,0.7125149210107804,0.8107606352964947,76.16377781536376,71.25149210107804,81.07606352964947,Maturity,2023-10-03,2024-07-30,17.0,12.2,21.8,1.1,74,1016.6,8.2,50,17.0,1953.3
2024-06-07,248,0.6740766536423262,0.6396906536423261,0.7084626536423262,0.7486809337747516,0.6995580766318945,0.7978037909176089,74.86809337747516,69.95580766318945,79.78037909176089,Maturity,2023-10-03,2024-07-30,16.9,12.4,22.1,0.3,66,1017.7,8.3,50,17.25,1970.55
2024-06-08,249,0.6640904725224799,0.6297044725224799,0.6984764725224799,0.7344149607463999,0.6852921036035426,0.783537817889257,73.44149607463999,68.52921036035427,78.3537817889257,Maturity,2023-10-03,2024-07-30,17.9,11.7,24.8,0.3,71,1012.7,11.2,52,18.25,1988.8
2024-06-09,250,0.6511051063590617,0.6167191063590617,0.6854911063590617,0.7158644376558024,0.6667415805129453,0.7649872947986597,71.58644376558024,66.67415805129453,76.49872947986597,Harvest,2023-10-03,2024-07-30,17.3,12.0,21.5,0.0,68,1008.5,7.2,73,16.75,2005.55
2024-06-10,251,0.6369338652575819,0.6025478652575819,0.6713198652575819,0.6956198075108313,0.646496950367974,0.7447426646536884,69.56198075108313,64.64969503679741,74.47426646536884,Unknown,2023-10-03,2024-07-30,15.7,12.4,19.3,0.0,61,1007.5,13.3,61,15.850000000000001,2021.3999999999999
2024-06-11,252,0.6288438510416349,0.5944578510416348,0.6632298510416349,0.6840626443451927,0.6349397872023355,0.7331855014880498,68.40626443451927,63.49397872023354,73.31855014880499,Unknown,2023-10-03,2024-07-30,11.7,8.5,14.9,0.1,62,1015.2,11.2,84,11.7,2033.1
2024-06-12,253,0.6315333276531063,0.5971473276531063,0.6659193276531064,0.6879047537901519,0.6387818966472947,0.7370276109330091,68.79047537901519,63.87818966472947,73.70276109330091,Unknown,2023-10-03,2024-07-30,12.9,7.2,17.2,0.3,61,1017.8,5.9,54,12.2,2045.3
2024-06-13,254,0.6400763824040612,0.6056903824040611,0.6744623824040612,0.7001091177200874,0.6509862605772302,0.7492319748629446,70.01091177200874,65.09862605772302,74.92319748629446,Unknown,2023-10-03,2024-07-30,13.2,9.3,17.2,1.3,63,1018.0,7.5,60,13.25,2058.55
2024-06-14,255,0.6470499771492959,0.6126639771492959,0.6814359771492959,0.7100713959275656,0.6609485387847084,0.7591942530704228,71.00713959275656,66.09485387847084,75.91942530704227,Unknown,2023-10-03,2024-07-30,14.3,10.7,19.4,2.7,75,1013.1,11.2,84,15.049999999999999,2073.6000000000004
2024-06-15,256,0.6504351872544517,0.6160491872544517,0.6848211872544517,0.7149074103635025,0.6657845532206452,0.7640302675063596,71.49074103635024,66.57845532206453,76.40302675063596,Unknown,2023-10-03,2024-07-30,15.3,11.8,18.7,8.4,73,1009.8,14.1,74,15.25,2088.8500000000004
2024-06-16,257,0.6516414636231802,0.6172554636231802,0.6860274636231802,0.7166306623188289,0.6675078051759717,0.765753519461686,71.6630662318829,66.75078051759718,76.5753519461686,Unknown,2023-10-03,2024-07-30,15.8,10.0,20.9,0.2,67,1011.6,10.6,50,15.45,2104.3
2024-06-17,258,0.6518412623804757,0.6174552623804757,0.6862272623804757,0.7169160891149653,0.667793231972108,0.7660389462578224,71.69160891149653,66.7793231972108,76.60389462578225,Unknown,2023-10-03,2024-07-30,17.2,13.2,21.6,2.2,78,1014.8,10.8,76,17.4,2121.7000000000003
2024-06-18,259,0.651421612770873,0.6170356127708729,0.685807612770873,0.7163165896726756,0.6671937325298185,0.7654394468155329,71.63165896726757,66.71937325298185,76.54394468155328,Unknown,2023-10-03,2024-07-30,20.6,12.8,27.3,0.0,70,1014.3,8.4,83,20.05,2141.7500000000005
2024-06-19,260,0.6504771036903824,0.6160911036903823,0.6848631036903824,0.7149672909862606,0.6658444338434033,0.7640901481291177,71.49672909862605,66.58444338434033,76.40901481291176,Unknown,2023-10-03,2024-07-30,19.9,15.7,25.0,5.4,79,1015.3,10.3,62,20.35,2162.1000000000004
2024-06-20,261,0.6490512248981062,0.6146652248981062,0.6834372248981062,0.7129303212830088,0.6638074641401517,0.7620531784258661,71.29303212830088,66.38074641401516,76.20531784258661,Unknown,2023-10-03,2024-07-30,19.3,13.1,26.0,5.8,82,1018.9,7.6,91,19.55,2181.6500000000005
2024-06-21,262,0.6471788624671774,0.6127928624671773,0.6815648624671774,0.7102555178102534,0.6611326606673962,0.7593783749531106,71.02555178102534,66.11326606673961,75.93783749531106,Unknown,2023-10-03,2024-07-30,20.2,16.6,25.1,2.2,80,1014.2,9.8,92,20.85,2202.5000000000005
2024-06-22,263,0.6448929887244363,0.6105069887244363,0.6792789887244364,0.7069899838920519,0.6578671267491948,0.7561128410349092,70.69899838920519,65.78671267491949,75.61128410349092,Unknown,2023-10-03,2024-07-30,16.2,12.6,21.2,3.4,75,1015.3,12.6,68,16.9,2219.4000000000005
2024-06-23,264,0.6422251547815866,0.6078391547815866,0.6766111547815866,0.7031787925451237,0.6540559354022666,0.7523016496879809,70.31787925451238,65.40559354022666,75.23016496879808,Unknown,2023-10-03,2024-07-30,17.5,12.1,22.3,1.5,73,1018.2,7.2,52,17.2,2236.6000000000004
2024-06-24,265,0.6392088021681148,0.6048228021681148,0.6735948021681148,0.6988697173830212,0.649746860240164,0.7479925745258784,69.88697173830212,64.9746860240164,74.79925745258784,Unknown,2023-10-03,2024-07-30,19.4,14.1,24.2,0.0,65,1018.3,11.3,32,19.15,2255.7500000000005
2024-06-25,266,0.635898170281489,0.601512170281489,0.670284170281489,0.69414024325927,0.6450173861164128,0.7432631004021272,69.414024325927,64.50173861164129,74.32631004021272,Unknown,2023-10-03,2024-07-30,20.4,14.1,25.9,0.0,63,1013.9,11.8,4,20.0,2275.7500000000005
2024-06-26,267,0.6324130566454459,0.5980270566454459,0.6667990566454459,0.6891615094934942,0.640038652350637,0.7382843666363513,68.91615094934942,64.0038652350637,73.82843666363513,Unknown,2023-10-03,2024-07-30,20.6,16.9,25.3,10.4,78,1010.7,5.9,61,21.1,2296.8500000000004
2024-06-27,268,0.6289207862063875,0.5945347862063874,0.6633067862063875,0.6841725517234107,0.6350496945805535,0.7332954088662679,68.41725517234107,63.50496945805535,73.32954088662679,Unknown,2023-10-03,2024-07-30,21.4,16.5,26.1,2.7,79,1011.1,9.2,38,21.3,2318.1500000000005
2024-06-28,269,0.6253548603901822,0.5909688603901821,0.6597408603901822,0.6790783719859745,0.6299555148431174,0.7282012291288318,67.90783719859745,62.99555148431174,72.82012291288318,Unknown,2023-10-03,2024-07-30,21.0,17.4,24.5,4.8,81,1015.9,11.1,47,20.95,2339.1000000000004
2024-06-29,270,0.6211065042002607,0.5867205042002607,0.6554925042002607,0.6730092917146582,0.6238864345718009,0.7221321488575153,67.30092917146581,62.388643457180095,72.21321488575153,Unknown,2023-10-03,2024-07-30,24.2,16.9,30.3,3.3,72,1012.9,8.3,76,23.6,2362.7000000000003
2024-06-30,271,0.6154298189162308,0.5810438189162308,0.6498158189162309,0.6648997413089012,0.615776884166044,0.7140225984517584,66.48997413089012,61.5776884166044,71.40225984517585,Unknown,2023-10-03,2024-07-30,19.6,15.3,23.7,8.3,81,1009.4,16.8,87,19.5,2382.2000000000003
2024-07-01,272,0.6082244569655112,0.5738384569655112,0.6426104569655112,0.6546063670935874,0.6054835099507302,0.7037292242364446,65.46063670935874,60.54835099507302,70.37292242364445,Unknown,2023-10-03,2024-07-30,16.4,13.2,21.0,3.2,75,1014.6,14.1,72,17.1,2399.3
2024-07-02,273,0.599998219327657,0.5656122193276569,0.634384219327657,0.6428545990395099,0.5937317418966528,0.6919774561823672,64.285459903951,59.37317418966528,69.19774561823672,Unknown,2023-10-03,2024-07-30,14.3,10.7,18.2,1.0,73,1015.3,12.8,70,14.45,2413.75
2024-07-03,274,0.59124747098613,0.5568614709861299,0.62563347098613,0.6303535299801857,0.5812306728373284,0.6794763871230428,63.03535299801857,58.123067283732844,67.94763871230428,Unknown,2023-10-03,2024-07-30,13.5,9.7,18.0,7.1,85,1011.5,10.3,82,13.85,2427.6
2024-07-04,275,0.5822020307802633,0.5478160307802633,0.6165880307802634,0.6174314725432334,0.5683086154003761,0.6665543296860905,61.74314725432334,56.83086154003762,66.65543296860905,Unknown,2023-10-03,2024-07-30,14.2,9.3,18.5,1.6,82,1011.5,15.6,55,13.9,2441.5
2024-07-05,276,0.5729336268655647,0.5385476268655647,0.6073196268655647,0.6041908955222353,0.5550680383793781,0.6533137526650925,60.419089552223525,55.50680383793781,65.33137526650926,Unknown,2023-10-03,2024-07-30,17.2,11.2,22.5,0.0,68,1013.7,12.2,62,16.85,2458.35
2024-07-06,277,0.5634654321080081,0.5290794321080081,0.5978514321080082,0.5906649030114403,0.541542045868583,0.6397877601542974,59.06649030114403,54.1542045868583,63.97877601542974,Unknown,2023-10-03,2024-07-30,18.7,14.0,26.3,3.5,79,1008.5,12.5,84,20.15,2478.5
2024-07-07,278,0.5537901536946896,0.5194041536946896,0.5881761536946897,0.5768430767066995,0.5277202195638423,0.6259659338495567,57.68430767066995,52.77202195638423,62.59659338495567,Unknown,2023-10-03,2024-07-30,15.2,12.6,18.5,0.7,76,1015.6,6.0,84,15.55,2494.05
2024-07-08,279,0.543814099994443,0.5094280999944429,0.578200099994443,0.5625915714206328,0.5134687142777756,0.61171442856349,56.25915714206327,51.346871427777565,61.171442856349,Unknown,2023-10-03,2024-07-30,18.4,11.3,25.0,0.0,69,1017.8,6.5,48,18.15,2512.2000000000003
2024-07-09,280,0.533283730229413,0.498897730229413,0.567669730229413,0.5475481860420186,0.4984253288991614,0.5966710431848757,54.75481860420186,49.84253288991614,59.667104318487574,Unknown,2023-10-03,2024-07-30,22.6,15.4,29.2,0.0,68,1016.7,7.8,23,22.3,2534.5000000000005
2024-07-10,281,0.521910066582976,0.487524066582976,0.556296066582976,0.5313000951185372,0.48217723797567996,0.5804229522613943,53.130009511853714,48.217723797568,58.04229522613943,Unknown,2023-10-03,2024-07-30,21.5,18.8,26.9,8.6,78,1016.6,8.0,79,22.85,2557.3500000000004
2024-07-11,282,0.5097938977580119,0.47540789775801184,0.5441798977580119,0.5139912825114455,0.46486842536858836,0.5631141396543027,51.39912825114455,46.48684253685884,56.31141396543027,Unknown,2023-10-03,2024-07-30,21.0,16.7,24.9,13.4,78,1017.3,6.9,50,20.799999999999997,2578.1500000000005
2024-07-12,283,0.49759811103516816,0.46321211103516813,0.5319841110351682,0.4965687300502402,0.447445872907383,0.5456915871930974,49.656873005024025,44.7445872907383,54.56915871930974,Unknown,2023-10-03,2024-07-30,20.5,17.5,25.4,5.6,81,1011.7,10.6,98,21.45,2599.6000000000004
2024-07-13,284,0.48598740952335273,0.4516014095233527,0.5203734095233528,0.4799820136047896,0.4308591564619324,0.5291048707476468,47.99820136047896,43.08591564619324,52.91048707476468,Unknown,2023-10-03,2024-07-30,17.1,14.0,20.5,3.7,73,1013.8,9.0,67,17.25,2616.8500000000004
2024-07-14,285,0.4750554968817919,0.4406694968817919,0.5094414968817919,0.46436499554541705,0.41524213840255986,0.5134878526882741,46.436499554541705,41.52421384025599,51.34878526882741,Unknown,2023-10-03,2024-07-30,18.4,11.4,24.0,0.2,67,1014.5,5.8,45,17.7,2634.55
2024-07-15,286,0.4644902950650973,0.4301042950650973,0.49887629506509734,0.44927185009299614,0.40014899295013895,0.49839470723585333,44.92718500929961,40.0148992950139,49.839470723585336,Unknown,2023-10-03,2024-07-30,21.9,13.0,29.2,1.6,66,1012.5,6.1,49,21.1,2655.65
2024-07-16,287,0.45401338218824505,0.419627382188245,0.4883993821882451,0.4343048316974929,0.38518197455463576,0.4834276888403501,43.43048316974929,38.51819745546358,48.34276888403501,Unknown,2023-10-03,2024-07-30,20.3,16.1,24.3,6.4,73,1014.9,12.5,40,20.200000000000003,2675.85
2024-07-17,288,0.4435129520364328,0.4091269520364328,0.47789895203643284,0.419304217194904,0.3701813600520468,0.4684270743377612,41.930421719490404,37.01813600520468,46.84270743377612,Unknown,2023-10-03,2024-07-30,19.0,14.0,23.3,0.0,65,1021.0,9.1,45,18.65,2694.5
2024-07-18,289,0.4329664125321984,0.39858041253219845,0.4673524125321984,0.40423773218885495,0.3551148750459978,0.45336058933171197,40.42377321888549,35.511487504599785,45.336058933171195,Unknown,2023-10-03,2024-07-30,20.3,13.8,25.9,0.0,63,1021.9,7.3,64,19.85,2714.35
2024-07-19,290,0.42237448888130635,0.3879884888813063,0.4567604888813064,0.3891064126875805,0.33998355554472337,0.4382292698304377,38.91064126875805,33.99835555447234,43.82292698304377,Unknown,2023-10-03,2024-07-30,22.4,15.7,28.1,0.0,61,1018.5,6.1,67,21.9,2736.25
2024-07-20,291,0.4117411288269328,0.3773551288269328,0.44612712882693284,0.3739158983241897,0.32479304118133256,0.4230387554670469,37.39158983241897,32.47930411813326,42.30387554670469,Unknown,2023-10-03,2024-07-30,22.7,17.4,27.2,0.7,70,1011.8,6.1,32,22.299999999999997,2758.55
2024-07-21,292,0.4010702721840176,0.36668427218401756,0.4354562721840176,0.3586718174057394,0.30954896026288226,0.4077946745485966,35.86718174057394,30.954896026288225,40.779467454859656,Unknown,2023-10-03,2024-07-30,22.2,17.8,27.7,0.5,75,1009.4,6.7,62,22.75,2781.3
2024-07-22,293,0.39036549851046765,0.3559794985104676,0.4247514985104677,0.34337928358638237,0.2942564264435252,0.3925021407292395,34.33792835863824,29.425642644352518,39.25021407292395,Unknown,2023-10-03,2024-07-30,20.3,17.5,23.7,13.1,76,1016.4,11.6,58,20.6,2801.9
2024-07-23,294,0.37963005745504486,0.34524405745504483,0.4140160574550449,0.3280429392214927,0.2789200820786355,0.3771657963643498,32.80429392214927,27.89200820786355,37.716579636434986,Unknown,2023-10-03,2024-07-30,19.4,15.4,24.1,3.9,70,1018.9,14.0,80,19.75,2821.65
2024-07-24,295,0.36886689669236505,0.334480896692365,0.4032528966923651,0.31266699527480724,0.26354413813195005,0.36178985241766437,31.266699527480725,26.354413813195006,36.17898524176644,Unknown,2023-10-03,2024-07-30,17.6,14.4,20.8,0.8,76,1019.1,11.8,69,17.6,2839.25
2024-07-25,296,0.3580796598336611,0.32369365983366105,0.3924656598336611,0.2972566569052301,0.24813379976237296,0.3463795140480873,29.725665690523012,24.813379976237297,34.63795140480873,Unknown,2023-10-03,2024-07-30,18.6,12.0,23.8,0.0,65,1015.9,3.9,56,17.9,2857.15
2024-07-26,297,0.3472819693734188,0.3128959693734188,0.38166796937341885,0.28183138481916975,0.2327085276763126,0.33095424196202694,28.183138481916973,23.270852767631258,33.09542419620269,Unknown,2023-10-03,2024-07-30,20.3,14.7,25.6,0.0,65,1012.9,9.0,74,20.15,2877.3
2024-07-27,298,0.33655782512857163,0.30217182512857166,0.3709438251285716,0.26651117875510233,0.21738832161224525,0.31563403589795946,26.651117875510234,21.738832161224526,31.563403589795946,Unknown,2023-10-03,2024-07-30,21.4,16.0,27.7,5.3,75,1014.6,6.9,87,21.85,2899.15
2024-07-28,299,0.326290202720609,0.291904202720609,0.36067620272060896,0.25184314674372715,0.20272028960087005,0.30096600388658423,25.184314674372715,20.272028960087006,30.096600388658423,Unknown,2023-10-03,2024-07-30,19.1,15.8,22.3,1.4,70,1022.8,11.4,42,19.05,2918.2000000000003
2024-07-29,300,0.31758947626165485,0.2832034762616549,0.3519754762616548,0.23941353751664982,0.1902906803737927,0.2885363946595069,23.94135375166498,19.02906803737927,28.853639465950693,Unknown,2023-10-03,2024-07-30,19.1,12.7,24.8,0.0,65,1023.4,7.2,1,18.75,2936.9500000000003
2024-07-30,301,0.3123853989793304,0.27799939897933035,0.3467713989793304,0.2319791413990434,0.18285628425618622,0.2811019985419006,23.19791413990434,18.285628425618622,28.11019985419006,Unknown,2023-10-03,2024-07-30,21.2,13.5,28.1,0.0,61,1018.5,6.3,23,20.8,2957.7500000000005
